7e:f0:82:2b:4c:09,
7e:f0:82:2b:4c:09,
7e:f0:82:2b:4c:09,
7e:f0:82:2b:4c:09,
7e:f0:82:2b:4c:09,
7e:f0:82:2b:4c:09,
7e:f0:82:2b:4c:09,
7e:f0:82:2b:4c:09,
7e:f0:82:2b:4c:09,
7e:f0:82:2b:4c:09,
7e:f0:82:2b:4c:09,
7e:f0:82:2b:4c:09,
7e:f0:82:2b:4c:09,
7e:f0:82:2b:4c:09,
7e:f0:82:2b:4c:09,
7e:f0:82:2b:4c:09,
7e:f0:82:2b:4c:09,
7e:f0:82:2b:4c:09,
7e:f0:82:2b:4c:09,
7e:f0:82:2b:4c:09,
7e:f0:82:2b:4c:09,
7e:f0:82:2b:4c:09,
7e:f0:82:2b:4c:09,
7e:f0:82:2b:4c:09,
7e:f0:82:2b:4c:09,
7e:f0:82:2b:4c:09,
7e:f0:82:2b:4c:09,
7e:f0:82:2b:4c:09,
7e:f0:82:2b:4c:09,
7e:f0:82:2b:4c:09,
7e:f0:82:2b:4c:09,
7e:f0:82:2b:4c:09,
7e:f0:82:2b:4c:09,
7e:f0:82:2b:4c:09,
7e:f0:82:2b:4c:09,
7e:f0:82:2b:4c:09,
7e:f0:82:2b:4c:09,
7e:f0:82:2b:4c:09,
7e:f0:82:2b:4c:09,
7e:f0:82:2b:4c:09,
7e:f0:82:2b:4c:09,
7e:f0:82:2b:4c:09,
7e:f0:82:2b:4c:09,
7e:f0:82:2b:4c:09,
7e:f0:82:2b:4c:09,
7e:f0:82:2b:4c:09,
7e:f0:82:2b:4c:09,
7e:f0:82:2b:4c:09,
7e:f0:82:2b:4c:09,
7e:f0:82:2b:4c:09,
7e:f0:82:2b:4c:09,
7e:f0:82:2b:4c:09,
7e:f0:82:2b:4c:09,
7e:f0:82:2b:4c:09,
7e:f0:82:2b:4c:09,
7e:f0:82:2b:4c:09,
7e:f0:82:2b:4c:09,
7e:f0:82:2b:4c:09,
7e:f0:82:2b:4c:09,
7e:f0:82:2b:4c:09,
7e:f0:82:2b:4c:09,
7e:f0:82:2b:4c:09,
7e:f0:82:2b:4c:09,
7e:f0:82:2b:4c:09,
7e:f0:82:2b:4c:09,
7e:f0:82:2b:4c:09,
7e:f0:82:2b:4c:09,
7e:f0:82:2b:4c:09,
7e:f0:82:2b:4c:09,
7e:f0:82:2b:4c:09,
7e:f0:82:2b:4c:09,
7e:f0:82:2b:4c:09,
7e:f0:82:2b:4c:09,
7e:f0:82:2b:4c:09,
7e:f0:82:2b:4c:09,
7e:f0:82:2b:4c:09,
7e:f0:82:2b:4c:09,
7e:f0:82:2b:4c:09,
7e:f0:82:2b:4c:09,
7e:f0:82:2b:4c:09,
7e:f0:82:2b:4c:09,
7e:f0:82:2b:4c:09,
7e:f0:82:2b:4c:09,
7e:f0:82:2b:4c:09,
7e:f0:82:2b:4c:09,
7e:f0:82:2b:4c:09,
7e:f0:82:2b:4c:09,
7e:f0:82:2b:4c:09,
7e:f0:82:2b:4c:09,
7e:f0:82:2b:4c:09,
7e:f0:82:2b:4c:09,
7e:f0:82:2b:4c:09,
7e:f0:82:2b:4c:09,
7e:f0:82:2b:4c:09,
7e:f0:82:2b:4c:09,
7e:f0:82:2b:4c:09,
7e:f0:82:2b:4c:09,
7e:f0:82:2b:4c:09,
7e:f0:82:2b:4c:09,
7e:f0:82:2b:4c:09,
7e:f0:82:2b:4c:09,
7e:f0:82:2b:4c:09,
7e:f0:82:2b:4c:09,
7e:f0:82:2b:4c:09,
7e:f0:82:2b:4c:09,
7e:f0:82:2b:4c:09,
7e:f0:82:2b:4c:09,
7e:f0:82:2b:4c:09,
7e:f0:82:2b:4c:09,
7e:f0:82:2b:4c:09,
7e:f0:82:2b:4c:09,
7e:f0:82:2b:4c:09,
7e:f0:82:2b:4c:09,
7e:f0:82:2b:4c:09,
7e:f0:82:2b:4c:09,
7e:f0:82:2b:4c:09,
7e:f0:82:2b:4c:09,
7e:f0:82:2b:4c:09,
7e:f0:82:2b:4c:09,
7e:f0:82:2b:4c:09,
7e:f0:82:2b:4c:09,
7e:f0:82:2b:4c:09,
7e:f0:82:2b:4c:09,
7e:f0:82:2b:4c:09,
7e:f0:82:2b:4c:09,
7e:f0:82:2b:4c:09,
7e:f0:82:2b:4c:09,
7e:f0:82:2b:4c:09,
7e:f0:82:2b:4c:09,
7e:f0:82:2b:4c:09,
7e:f0:82:2b:4c:09,
7e:f0:82:2b:4c:09,
7e:f0:82:2b:4c:09,
7e:f0:82:2b:4c:09,
7e:f0:82:2b:4c:09,
7e:f0:82:2b:4c:09,
7e:f0:82:2b:4c:09,
7e:f0:82:2b:4c:09,
7e:f0:82:2b:4c:09,
7e:f0:82:2b:4c:09,
7e:f0:82:2b:4c:09,
7e:f0:82:2b:4c:09,
7e:f0:82:2b:4c:09,
7e:f0:82:2b:4c:09,
7e:f0:82:2b:4c:09,
7e:f0:82:2b:4c:09,
7e:f0:82:2b:4c:09,
7e:f0:82:2b:4c:09,
7e:f0:82:2b:4c:09,
7e:f0:82:2b:4c:09,
7e:f0:82:2b:4c:09,
7e:f0:82:2b:4c:09,
7e:f0:82:2b:4c:09,
7e:f0:82:2b:4c:09,
7e:f0:82:2b:4c:09,
7e:f0:82:2b:4c:09,
7e:f0:82:2b:4c:09,
7e:f0:82:2b:4c:09,
7e:f0:82:2b:4c:09,
7e:f0:82:2b:4c:09,
7e:f0:82:2b:4c:09,
7e:f0:82:2b:4c:09,
7e:f0:82:2b:4c:09,
7e:f0:82:2b:4c:09,
7e:f0:82:2b:4c:09,
7e:f0:82:2b:4c:09,
7e:f0:82:2b:4c:09,
7e:f0:82:2b:4c:09,
7e:f0:82:2b:4c:09,
7e:f0:82:2b:4c:09,
7e:f0:82:2b:4c:09,
7e:f0:82:2b:4c:09,
7e:f0:82:2b:4c:09,
7e:f0:82:2b:4c:09,
7e:f0:82:2b:4c:09,
7e:f0:82:2b:4c:09,
7e:f0:82:2b:4c:09,
7e:f0:82:2b:4c:09,
7e:f0:82:2b:4c:09,
7e:f0:82:2b:4c:09,
7e:f0:82:2b:4c:09,
7e:f0:82:2b:4c:09,
7e:f0:82:2b:4c:09,
7e:f0:82:2b:4c:09,
7e:f0:82:2b:4c:09,
7e:f0:82:2b:4c:09,
7e:f0:82:2b:4c:09,
7e:f0:82:2b:4c:09,
7e:f0:82:2b:4c:09,
7e:f0:82:2b:4c:09,
7e:f0:82:2b:4c:09,
7e:f0:82:2b:4c:09,
7e:f0:82:2b:4c:09,
7e:f0:82:2b:4c:09,
7e:f0:82:2b:4c:09,
7e:f0:82:2b:4c:09,
7e:f0:82:2b:4c:09,
7e:f0:82:2b:4c:09,
7e:f0:82:2b:4c:09,
7e:f0:82:2b:4c:09,
7e:f0:82:2b:4c:09,
7e:f0:82:2b:4c:09,
7e:f0:82:2b:4c:09,
7e:f0:82:2b:4c:09,
7e:f0:82:2b:4c:09,
7e:f0:82:2b:4c:09,
7e:f0:82:2b:4c:09,
7e:f0:82:2b:4c:09,
7e:f0:82:2b:4c:09,
7e:f0:82:2b:4c:09,
7e:f0:82:2b:4c:09,
7e:f0:82:2b:4c:09,
7e:f0:82:2b:4c:09,
7e:f0:82:2b:4c:09,
7e:f0:82:2b:4c:09,
7e:f0:82:2b:4c:09,
7e:f0:82:2b:4c:09,
7e:f0:82:2b:4c:09,
7e:f0:82:2b:4c:09,
7e:f0:82:2b:4c:09,
7e:f0:82:2b:4c:09,
7e:f0:82:2b:4c:09,
7e:f0:82:2b:4c:09,
7e:f0:82:2b:4c:09,
7e:f0:82:2b:4c:09,
7e:f0:82:2b:4c:09,
7e:f0:82:2b:4c:09,
7e:f0:82:2b:4c:09,
7e:f0:82:2b:4c:09,
7e:f0:82:2b:4c:09,
7e:f0:82:2b:4c:09,
7e:f0:82:2b:4c:09,
7e:f0:82:2b:4c:09,
7e:f0:82:2b:4c:09,
7e:f0:82:2b:4c:09,
7e:f0:82:2b:4c:09,
7e:f0:82:2b:4c:09,
7e:f0:82:2b:4c:09,
7e:f0:82:2b:4c:09,
7e:f0:82:2b:4c:09,
7e:f0:82:2b:4c:09,
7e:f0:82:2b:4c:09,
7e:f0:82:2b:4c:09,
7e:f0:82:2b:4c:09,
7e:f0:82:2b:4c:09,
7e:f0:82:2b:4c:09,
7e:f0:82:2b:4c:09,
7e:f0:82:2b:4c:09,
7e:f0:82:2b:4c:09,
7e:f0:82:2b:4c:09,
7e:f0:82:2b:4c:09,
7e:f0:82:2b:4c:09,
7e:f0:82:2b:4c:09,
7e:f0:82:2b:4c:09,
7e:f0:82:2b:4c:09,
7e:f0:82:2b:4c:09,
7e:f0:82:2b:4c:09,
7e:f0:82:2b:4c:09,
7e:f0:82:2b:4c:09,
7e:f0:82:2b:4c:09,
7e:f0:82:2b:4c:09,
7e:f0:82:2b:4c:09,
7e:f0:82:2b:4c:09,
7e:f0:82:2b:4c:09,
7e:f0:82:2b:4c:09,
7e:f0:82:2b:4c:09,
7e:f0:82:2b:4c:09,
7e:f0:82:2b:4c:09,
7e:f0:82:2b:4c:09,
7e:f0:82:2b:4c:09,
7e:f0:82:2b:4c:09,
7e:f0:82:2b:4c:09,
7e:f0:82:2b:4c:09,
7e:f0:82:2b:4c:09,
7e:f0:82:2b:4c:09,
7e:f0:82:2b:4c:09,
7e:f0:82:2b:4c:09,
7e:f0:82:2b:4c:09,
7e:f0:82:2b:4c:09,
7e:f0:82:2b:4c:09,
7e:f0:82:2b:4c:09,
7e:f0:82:2b:4c:09,
7e:f0:82:2b:4c:09,
7e:f0:82:2b:4c:09,
7e:f0:82:2b:4c:09,
7e:f0:82:2b:4c:09,
7e:f0:82:2b:4c:09,
7e:f0:82:2b:4c:09,
7e:f0:82:2b:4c:09,
7e:f0:82:2b:4c:09,
7e:f0:82:2b:4c:09,
7e:f0:82:2b:4c:09,
7e:f0:82:2b:4c:09,
7e:f0:82:2b:4c:09,
7e:f0:82:2b:4c:09,
7e:f0:82:2b:4c:09,
7e:f0:82:2b:4c:09,
7e:f0:82:2b:4c:09,
7e:f0:82:2b:4c:09,
7e:f0:82:2b:4c:09,
7e:f0:82:2b:4c:09,
7e:f0:82:2b:4c:09,
7e:f0:82:2b:4c:09,
7e:f0:82:2b:4c:09,
7e:f0:82:2b:4c:09,
7e:f0:82:2b:4c:09,
7e:f0:82:2b:4c:09,
7e:f0:82:2b:4c:09,
7e:f0:82:2b:4c:09,
7e:f0:82:2b:4c:09,
7e:f0:82:2b:4c:09,
7e:f0:82:2b:4c:09,
7e:f0:82:2b:4c:09,
7e:f0:82:2b:4c:09,
7e:f0:82:2b:4c:09,
7e:f0:82:2b:4c:09,
7e:f0:82:2b:4c:09,
7e:f0:82:2b:4c:09,
7e:f0:82:2b:4c:09,
7e:f0:82:2b:4c:09,
7e:f0:82:2b:4c:09,
7e:f0:82:2b:4c:09,
7e:f0:82:2b:4c:09,
7e:f0:82:2b:4c:09,
7e:f0:82:2b:4c:09,
7e:f0:82:2b:4c:09,
7e:f0:82:2b:4c:09,
7e:f0:82:2b:4c:09,
7e:f0:82:2b:4c:09,
7e:f0:82:2b:4c:09,
7e:f0:82:2b:4c:09,
7e:f0:82:2b:4c:09,
7e:f0:82:2b:4c:09,
7e:f0:82:2b:4c:09,
7e:f0:82:2b:4c:09,
7e:f0:82:2b:4c:09,
7e:f0:82:2b:4c:09,
7e:f0:82:2b:4c:09,
7e:f0:82:2b:4c:09,
7e:f0:82:2b:4c:09,
7e:f0:82:2b:4c:09,
7e:f0:82:2b:4c:09,
7e:f0:82:2b:4c:09,
7e:f0:82:2b:4c:09,
7e:f0:82:2b:4c:09,
7e:f0:82:2b:4c:09,
7e:f0:82:2b:4c:09,
7e:f0:82:2b:4c:09,
7e:f0:82:2b:4c:09,
7e:f0:82:2b:4c:09,
7e:f0:82:2b:4c:09,
7e:f0:82:2b:4c:09,
7e:f0:82:2b:4c:09,
7e:f0:82:2b:4c:09,
7e:f0:82:2b:4c:09,
7e:f0:82:2b:4c:09,
7e:f0:82:2b:4c:09,
7e:f0:82:2b:4c:09,
7e:f0:82:2b:4c:09,
7e:f0:82:2b:4c:09,
7e:f0:82:2b:4c:09,
7e:f0:82:2b:4c:09,
7e:f0:82:2b:4c:09,
7e:f0:82:2b:4c:09,
7e:f0:82:2b:4c:09,
7e:f0:82:2b:4c:09,
7e:f0:82:2b:4c:09,
7e:f0:82:2b:4c:09,
7e:f0:82:2b:4c:09,
7e:f0:82:2b:4c:09,
7e:f0:82:2b:4c:09,
7e:f0:82:2b:4c:09,
7e:f0:82:2b:4c:09,
7e:f0:82:2b:4c:09,
7e:f0:82:2b:4c:09,
7e:f0:82:2b:4c:09,
7e:f0:82:2b:4c:09,
7e:f0:82:2b:4c:09,
7e:f0:82:2b:4c:09,
7e:f0:82:2b:4c:09,
7e:f0:82:2b:4c:09,
7e:f0:82:2b:4c:09,
7e:f0:82:2b:4c:09,
7e:f0:82:2b:4c:09,
7e:f0:82:2b:4c:09,
7e:f0:82:2b:4c:09,
7e:f0:82:2b:4c:09,
7e:f0:82:2b:4c:09,
7e:f0:82:2b:4c:09,
7e:f0:82:2b:4c:09,
7e:f0:82:2b:4c:09,
7e:f0:82:2b:4c:09,
7e:f0:82:2b:4c:09,
7e:f0:82:2b:4c:09,
7e:f0:82:2b:4c:09,
7e:f0:82:2b:4c:09,
7e:f0:82:2b:4c:09,
7e:f0:82:2b:4c:09,
7e:f0:82:2b:4c:09,
7e:f0:82:2b:4c:09,
7e:f0:82:2b:4c:09,
7e:f0:82:2b:4c:09,
7e:f0:82:2b:4c:09,
7e:f0:82:2b:4c:09,
7e:f0:82:2b:4c:09,
7e:f0:82:2b:4c:09,
7e:f0:82:2b:4c:09,
7e:f0:82:2b:4c:09,
7e:f0:82:2b:4c:09,
7e:f0:82:2b:4c:09,
7e:f0:82:2b:4c:09,
7e:f0:82:2b:4c:09,
7e:f0:82:2b:4c:09,
7e:f0:82:2b:4c:09,
7e:f0:82:2b:4c:09,
7e:f0:82:2b:4c:09,
7e:f0:82:2b:4c:09,
7e:f0:82:2b:4c:09,
7e:f0:82:2b:4c:09,
7e:f0:82:2b:4c:09,
7e:f0:82:2b:4c:09,
7e:f0:82:2b:4c:09,
7e:f0:82:2b:4c:09,
7e:f0:82:2b:4c:09,
7e:f0:82:2b:4c:09,
7e:f0:82:2b:4c:09,
7e:f0:82:2b:4c:09,
7e:f0:82:2b:4c:09,
7e:f0:82:2b:4c:09,
7e:f0:82:2b:4c:09,
7e:f0:82:2b:4c:09,
7e:f0:82:2b:4c:09,
7e:f0:82:2b:4c:09,
7e:f0:82:2b:4c:09,
7e:f0:82:2b:4c:09,
7e:f0:82:2b:4c:09,
7e:f0:82:2b:4c:09,
7e:f0:82:2b:4c:09,
7e:f0:82:2b:4c:09,
7e:f0:82:2b:4c:09,
7e:f0:82:2b:4c:09,
7e:f0:82:2b:4c:09,
7e:f0:82:2b:4c:09,
7e:f0:82:2b:4c:09,
7e:f0:82:2b:4c:09,
7e:f0:82:2b:4c:09,
7e:f0:82:2b:4c:09,
7e:f0:82:2b:4c:09,
7e:f0:82:2b:4c:09,
7e:f0:82:2b:4c:09,
7e:f0:82:2b:4c:09,
7e:f0:82:2b:4c:09,
7e:f0:82:2b:4c:09,
7e:f0:82:2b:4c:09,
7e:f0:82:2b:4c:09,
7e:f0:82:2b:4c:09,
7e:f0:82:2b:4c:09,
7e:f0:82:2b:4c:09,
7e:f0:82:2b:4c:09,
7e:f0:82:2b:4c:09,
7e:f0:82:2b:4c:09,
7e:f0:82:2b:4c:09,
7e:f0:82:2b:4c:09,
7e:f0:82:2b:4c:09,
7e:f0:82:2b:4c:09,
7e:f0:82:2b:4c:09,
7e:f0:82:2b:4c:09,
7e:f0:82:2b:4c:09,
7e:f0:82:2b:4c:09,
7e:f0:82:2b:4c:09,
7e:f0:82:2b:4c:09,
7e:f0:82:2b:4c:09,
7e:f0:82:2b:4c:09,
7e:f0:82:2b:4c:09,
7e:f0:82:2b:4c:09,
7e:f0:82:2b:4c:09,
7e:f0:82:2b:4c:09,
7e:f0:82:2b:4c:09,
7e:f0:82:2b:4c:09,
7e:f0:82:2b:4c:09,
7e:f0:82:2b:4c:09,
7e:f0:82:2b:4c:09,
7e:f0:82:2b:4c:09,
7e:f0:82:2b:4c:09,
7e:f0:82:2b:4c:09,
7e:f0:82:2b:4c:09,
7e:f0:82:2b:4c:09,
7e:f0:82:2b:4c:09,
7e:f0:82:2b:4c:09,
7e:f0:82:2b:4c:09,
7e:f0:82:2b:4c:09,
7e:f0:82:2b:4c:09,
7e:f0:82:2b:4c:09,
7e:f0:82:2b:4c:09,
7e:f0:82:2b:4c:09,
7e:f0:82:2b:4c:09,
7e:f0:82:2b:4c:09,
7e:f0:82:2b:4c:09,
7e:f0:82:2b:4c:09,
7e:f0:82:2b:4c:09,
7e:f0:82:2b:4c:09,
7e:f0:82:2b:4c:09,
7e:f0:82:2b:4c:09,
7e:f0:82:2b:4c:09,
7e:f0:82:2b:4c:09,
7e:f0:82:2b:4c:09,
7e:f0:82:2b:4c:09,
7e:f0:82:2b:4c:09,
7e:f0:82:2b:4c:09,
7e:f0:82:2b:4c:09,
7e:f0:82:2b:4c:09,
7e:f0:82:2b:4c:09,
7e:f0:82:2b:4c:09,
7e:f0:82:2b:4c:09,
7e:f0:82:2b:4c:09,
7e:f0:82:2b:4c:09,
7e:f0:82:2b:4c:09,
7e:f0:82:2b:4c:09,
7e:f0:82:2b:4c:09,
7e:f0:82:2b:4c:09,
7e:f0:82:2b:4c:09,
7e:f0:82:2b:4c:09,
7e:f0:82:2b:4c:09,
7e:f0:82:2b:4c:09,
7e:f0:82:2b:4c:09,
7e:f0:82:2b:4c:09,
7e:f0:82:2b:4c:09,
7e:f0:82:2b:4c:09,
7e:f0:82:2b:4c:09,
7e:f0:82:2b:4c:09,
7e:f0:82:2b:4c:09,
7e:f0:82:2b:4c:09,
7e:f0:82:2b:4c:09,
7e:f0:82:2b:4c:09,
7e:f0:82:2b:4c:09,
7e:f0:82:2b:4c:09,
7e:f0:82:2b:4c:09,
7e:f0:82:2b:4c:09,
7e:f0:82:2b:4c:09,
7e:f0:82:2b:4c:09,
7e:f0:82:2b:4c:09,
7e:f0:82:2b:4c:09,
7e:f0:82:2b:4c:09,
7e:f0:82:2b:4c:09,
7e:f0:82:2b:4c:09,
7e:f0:82:2b:4c:09,
7e:f0:82:2b:4c:09,
7e:f0:82:2b:4c:09,
7e:f0:82:2b:4c:09,
7e:f0:82:2b:4c:09,
7e:f0:82:2b:4c:09,
7e:f0:82:2b:4c:09,
7e:f0:82:2b:4c:09,
7e:f0:82:2b:4c:09,
7e:f0:82:2b:4c:09,
7e:f0:82:2b:4c:09,
7e:f0:82:2b:4c:09,
7e:f0:82:2b:4c:09,
7e:f0:82:2b:4c:09,
7e:f0:82:2b:4c:09,
7e:f0:82:2b:4c:09,
7e:f0:82:2b:4c:09,
7e:f0:82:2b:4c:09,
7e:f0:82:2b:4c:09,
7e:f0:82:2b:4c:09,
7e:f0:82:2b:4c:09,
7e:f0:82:2b:4c:09,
7e:f0:82:2b:4c:09,
7e:f0:82:2b:4c:09,
7e:f0:82:2b:4c:09,
7e:f0:82:2b:4c:09,
7e:f0:82:2b:4c:09,
7e:f0:82:2b:4c:09,
7e:f0:82:2b:4c:09,
7e:f0:82:2b:4c:09,
7e:f0:82:2b:4c:09,
7e:f0:82:2b:4c:09,
7e:f0:82:2b:4c:09,
7e:f0:82:2b:4c:09,
7e:f0:82:2b:4c:09,
7e:f0:82:2b:4c:09,
7e:f0:82:2b:4c:09,
7e:f0:82:2b:4c:09,
7e:f0:82:2b:4c:09,
7e:f0:82:2b:4c:09,
7e:f0:82:2b:4c:09,
7e:f0:82:2b:4c:09,
7e:f0:82:2b:4c:09,
7e:f0:82:2b:4c:09,
7e:f0:82:2b:4c:09,
7e:f0:82:2b:4c:09,
7e:f0:82:2b:4c:09,
7e:f0:82:2b:4c:09,
7e:f0:82:2b:4c:09,
7e:f0:82:2b:4c:09,
7e:f0:82:2b:4c:09,
7e:f0:82:2b:4c:09,
7e:f0:82:2b:4c:09,
7e:f0:82:2b:4c:09,
7e:f0:82:2b:4c:09,
7e:f0:82:2b:4c:09,
7e:f0:82:2b:4c:09,
7e:f0:82:2b:4c:09,
7e:f0:82:2b:4c:09,
7e:f0:82:2b:4c:09,
7e:f0:82:2b:4c:09,
7e:f0:82:2b:4c:09,
7e:f0:82:2b:4c:09,
7e:f0:82:2b:4c:09,
7e:f0:82:2b:4c:09,
7e:f0:82:2b:4c:09,
7e:f0:82:2b:4c:09,
7e:f0:82:2b:4c:09,
7e:f0:82:2b:4c:09,
7e:f0:82:2b:4c:09,
7e:f0:82:2b:4c:09,
7e:f0:82:2b:4c:09,
7e:f0:82:2b:4c:09,
7e:f0:82:2b:4c:09,
7e:f0:82:2b:4c:09,
7e:f0:82:2b:4c:09,
7e:f0:82:2b:4c:09,
7e:f0:82:2b:4c:09,
7e:f0:82:2b:4c:09,
7e:f0:82:2b:4c:09,
7e:f0:82:2b:4c:09,
7e:f0:82:2b:4c:09,
7e:f0:82:2b:4c:09,
7e:f0:82:2b:4c:09,
7e:f0:82:2b:4c:09,
7e:f0:82:2b:4c:09,
7e:f0:82:2b:4c:09,
7e:f0:82:2b:4c:09,
7e:f0:82:2b:4c:09,
7e:f0:82:2b:4c:09,
7e:f0:82:2b:4c:09,
7e:f0:82:2b:4c:09,
7e:f0:82:2b:4c:09,
7e:f0:82:2b:4c:09,
7e:f0:82:2b:4c:09,
7e:f0:82:2b:4c:09,
7e:f0:82:2b:4c:09,
7e:f0:82:2b:4c:09,
7e:f0:82:2b:4c:09,
7e:f0:82:2b:4c:09,
7e:f0:82:2b:4c:09,
7e:f0:82:2b:4c:09,
7e:f0:82:2b:4c:09,
7e:f0:82:2b:4c:09,
7e:f0:82:2b:4c:09,
7e:f0:82:2b:4c:09,
7e:f0:82:2b:4c:09,
7e:f0:82:2b:4c:09,
7e:f0:82:2b:4c:09,
7e:f0:82:2b:4c:09,
7e:f0:82:2b:4c:09,
7e:f0:82:2b:4c:09,
7e:f0:82:2b:4c:09,
7e:f0:82:2b:4c:09,
7e:f0:82:2b:4c:09,
7e:f0:82:2b:4c:09,
7e:f0:82:2b:4c:09,
7e:f0:82:2b:4c:09,
7e:f0:82:2b:4c:09,
7e:f0:82:2b:4c:09,
7e:f0:82:2b:4c:09,
7e:f0:82:2b:4c:09,
7e:f0:82:2b:4c:09,
7e:f0:82:2b:4c:09,
7e:f0:82:2b:4c:09,
7e:f0:82:2b:4c:09,
7e:f0:82:2b:4c:09,
7e:f0:82:2b:4c:09,
7e:f0:82:2b:4c:09,
7e:f0:82:2b:4c:09,
7e:f0:82:2b:4c:09,
7e:f0:82:2b:4c:09,
7e:f0:82:2b:4c:09,
7e:f0:82:2b:4c:09,
7e:f0:82:2b:4c:09,
7e:f0:82:2b:4c:09,
7e:f0:82:2b:4c:09,
7e:f0:82:2b:4c:09,
7e:f0:82:2b:4c:09,
7e:f0:82:2b:4c:09,
7e:f0:82:2b:4c:09,
7e:f0:82:2b:4c:09,
7e:f0:82:2b:4c:09,
7e:f0:82:2b:4c:09,
7e:f0:82:2b:4c:09,
7e:f0:82:2b:4c:09,
7e:f0:82:2b:4c:09,
7e:f0:82:2b:4c:09,
7e:f0:82:2b:4c:09,
7e:f0:82:2b:4c:09,
7e:f0:82:2b:4c:09,
7e:f0:82:2b:4c:09,
7e:f0:82:2b:4c:09,
7e:f0:82:2b:4c:09,
7e:f0:82:2b:4c:09,
7e:f0:82:2b:4c:09,
7e:f0:82:2b:4c:09,
7e:f0:82:2b:4c:09,
7e:f0:82:2b:4c:09,
7e:f0:82:2b:4c:09,
7e:f0:82:2b:4c:09,
7e:f0:82:2b:4c:09,
7e:f0:82:2b:4c:09,
7e:f0:82:2b:4c:09,
7e:f0:82:2b:4c:09,
7e:f0:82:2b:4c:09,
7e:f0:82:2b:4c:09,
7e:f0:82:2b:4c:09,
7e:f0:82:2b:4c:09,
7e:f0:82:2b:4c:09,
7e:f0:82:2b:4c:09,
7e:f0:82:2b:4c:09,
7e:f0:82:2b:4c:09,
7e:f0:82:2b:4c:09,
7e:f0:82:2b:4c:09,
7e:f0:82:2b:4c:09,
7e:f0:82:2b:4c:09,
7e:f0:82:2b:4c:09,
7e:f0:82:2b:4c:09,
7e:f0:82:2b:4c:09,
7e:f0:82:2b:4c:09,
7e:f0:82:2b:4c:09,
7e:f0:82:2b:4c:09,
7e:f0:82:2b:4c:09,
7e:f0:82:2b:4c:09,
7e:f0:82:2b:4c:09,
7e:f0:82:2b:4c:09,
7e:f0:82:2b:4c:09,
7e:f0:82:2b:4c:09,
7e:f0:82:2b:4c:09,
7e:f0:82:2b:4c:09,
7e:f0:82:2b:4c:09,
7e:f0:82:2b:4c:09,
7e:f0:82:2b:4c:09,
7e:f0:82:2b:4c:09,
7e:f0:82:2b:4c:09,
7e:f0:82:2b:4c:09,
7e:f0:82:2b:4c:09,
7e:f0:82:2b:4c:09,
7e:f0:82:2b:4c:09,
7e:f0:82:2b:4c:09,
7e:f0:82:2b:4c:09,
7e:f0:82:2b:4c:09,
7e:f0:82:2b:4c:09,
7e:f0:82:2b:4c:09,
7e:f0:82:2b:4c:09,
7e:f0:82:2b:4c:09,
7e:f0:82:2b:4c:09,
7e:f0:82:2b:4c:09,
7e:f0:82:2b:4c:09,
7e:f0:82:2b:4c:09,
7e:f0:82:2b:4c:09,
7e:f0:82:2b:4c:09,
7e:f0:82:2b:4c:09,
7e:f0:82:2b:4c:09,
7e:f0:82:2b:4c:09,
7e:f0:82:2b:4c:09,
7e:f0:82:2b:4c:09,
7e:f0:82:2b:4c:09,
7e:f0:82:2b:4c:09,
7e:f0:82:2b:4c:09,
7e:f0:82:2b:4c:09,
7e:f0:82:2b:4c:09,
7e:f0:82:2b:4c:09,
7e:f0:82:2b:4c:09,
7e:f0:82:2b:4c:09,
7e:f0:82:2b:4c:09,
7e:f0:82:2b:4c:09,
7e:f0:82:2b:4c:09,
7e:f0:82:2b:4c:09,
7e:f0:82:2b:4c:09,
7e:f0:82:2b:4c:09,
7e:f0:82:2b:4c:09,
7e:f0:82:2b:4c:09,
7e:f0:82:2b:4c:09,
7e:f0:82:2b:4c:09,
7e:f0:82:2b:4c:09,
7e:f0:82:2b:4c:09,
7e:f0:82:2b:4c:09,
7e:f0:82:2b:4c:09,
7e:f0:82:2b:4c:09,
7e:f0:82:2b:4c:09,
7e:f0:82:2b:4c:09,
7e:f0:82:2b:4c:09,
7e:f0:82:2b:4c:09,
7e:f0:82:2b:4c:09,
7e:f0:82:2b:4c:09,
7e:f0:82:2b:4c:09,
7e:f0:82:2b:4c:09,
7e:f0:82:2b:4c:09,
7e:f0:82:2b:4c:09,
7e:f0:82:2b:4c:09,
7e:f0:82:2b:4c:09,
7e:f0:82:2b:4c:09,
7e:f0:82:2b:4c:09,
7e:f0:82:2b:4c:09,
7e:f0:82:2b:4c:09,
7e:f0:82:2b:4c:09,
7e:f0:82:2b:4c:09,
7e:f0:82:2b:4c:09,
7e:f0:82:2b:4c:09,
7e:f0:82:2b:4c:09,
7e:f0:82:2b:4c:09,
7e:f0:82:2b:4c:09,
7e:f0:82:2b:4c:09,
7e:f0:82:2b:4c:09,
7e:f0:82:2b:4c:09,
7e:f0:82:2b:4c:09,
7e:f0:82:2b:4c:09,
7e:f0:82:2b:4c:09,
7e:f0:82:2b:4c:09,
7e:f0:82:2b:4c:09,
7e:f0:82:2b:4c:09,
7e:f0:82:2b:4c:09,
7e:f0:82:2b:4c:09,
7e:f0:82:2b:4c:09,
7e:f0:82:2b:4c:09,
7e:f0:82:2b:4c:09,
7e:f0:82:2b:4c:09,
7e:f0:82:2b:4c:09,
7e:f0:82:2b:4c:09,
7e:f0:82:2b:4c:09,
7e:f0:82:2b:4c:09,
7e:f0:82:2b:4c:09,
7e:f0:82:2b:4c:09,
7e:f0:82:2b:4c:09,
7e:f0:82:2b:4c:09,
7e:f0:82:2b:4c:09,
7e:f0:82:2b:4c:09,
7e:f0:82:2b:4c:09,
7e:f0:82:2b:4c:09,
7e:f0:82:2b:4c:09,
7e:f0:82:2b:4c:09,
7e:f0:82:2b:4c:09,
7e:f0:82:2b:4c:09,
7e:f0:82:2b:4c:09,
7e:f0:82:2b:4c:09,
7e:f0:82:2b:4c:09,
7e:f0:82:2b:4c:09,
7e:f0:82:2b:4c:09,
7e:f0:82:2b:4c:09,
7e:f0:82:2b:4c:09,
7e:f0:82:2b:4c:09,
7e:f0:82:2b:4c:09,
7e:f0:82:2b:4c:09,
7e:f0:82:2b:4c:09,
7e:f0:82:2b:4c:09,
7e:f0:82:2b:4c:09,
7e:f0:82:2b:4c:09,
7e:f0:82:2b:4c:09,
7e:f0:82:2b:4c:09,
7e:f0:82:2b:4c:09,
7e:f0:82:2b:4c:09,
7e:f0:82:2b:4c:09,
7e:f0:82:2b:4c:09,
7e:f0:82:2b:4c:09,
7e:f0:82:2b:4c:09,
7e:f0:82:2b:4c:09,
7e:f0:82:2b:4c:09,
7e:f0:82:2b:4c:09,
7e:f0:82:2b:4c:09,
7e:f0:82:2b:4c:09,
7e:f0:82:2b:4c:09,
7e:f0:82:2b:4c:09,
7e:f0:82:2b:4c:09,
7e:f0:82:2b:4c:09,
7e:f0:82:2b:4c:09,
7e:f0:82:2b:4c:09,
7e:f0:82:2b:4c:09,
7e:f0:82:2b:4c:09,
7e:f0:82:2b:4c:09,
7e:f0:82:2b:4c:09,
7e:f0:82:2b:4c:09,
7e:f0:82:2b:4c:09,
7e:f0:82:2b:4c:09,
7e:f0:82:2b:4c:09,
7e:f0:82:2b:4c:09,
7e:f0:82:2b:4c:09,
7e:f0:82:2b:4c:09,
7e:f0:82:2b:4c:09,
7e:f0:82:2b:4c:09,
7e:f0:82:2b:4c:09,
7e:f0:82:2b:4c:09,
7e:f0:82:2b:4c:09,
7e:f0:82:2b:4c:09,
7e:f0:82:2b:4c:09,
7e:f0:82:2b:4c:09,
7e:f0:82:2b:4c:09,
7e:f0:82:2b:4c:09,
7e:f0:82:2b:4c:09,
7e:f0:82:2b:4c:09,
7e:f0:82:2b:4c:09,
7e:f0:82:2b:4c:09,
7e:f0:82:2b:4c:09,
7e:f0:82:2b:4c:09,
7e:f0:82:2b:4c:09,
7e:f0:82:2b:4c:09,
7e:f0:82:2b:4c:09,
7e:f0:82:2b:4c:09,
7e:f0:82:2b:4c:09,
7e:f0:82:2b:4c:09,
7e:f0:82:2b:4c:09,
7e:f0:82:2b:4c:09,
7e:f0:82:2b:4c:09,
7e:f0:82:2b:4c:09,
7e:f0:82:2b:4c:09,
7e:f0:82:2b:4c:09,
7e:f0:82:2b:4c:09,
7e:f0:82:2b:4c:09,
7e:f0:82:2b:4c:09,
7e:f0:82:2b:4c:09,
7e:f0:82:2b:4c:09,
7e:f0:82:2b:4c:09,
7e:f0:82:2b:4c:09,
7e:f0:82:2b:4c:09,
7e:f0:82:2b:4c:09,
7e:f0:82:2b:4c:09,
7e:f0:82:2b:4c:09,
7e:f0:82:2b:4c:09,
7e:f0:82:2b:4c:09,
7e:f0:82:2b:4c:09,
7e:f0:82:2b:4c:09,
7e:f0:82:2b:4c:09,
7e:f0:82:2b:4c:09,
7e:f0:82:2b:4c:09,
7e:f0:82:2b:4c:09,
7e:f0:82:2b:4c:09,
7e:f0:82:2b:4c:09,
7e:f0:82:2b:4c:09,
7e:f0:82:2b:4c:09,
7e:f0:82:2b:4c:09,
7e:f0:82:2b:4c:09,
7e:f0:82:2b:4c:09,
7e:f0:82:2b:4c:09,
7e:f0:82:2b:4c:09,
7e:f0:82:2b:4c:09,
7e:f0:82:2b:4c:09,
7e:f0:82:2b:4c:09,
7e:f0:82:2b:4c:09,
7e:f0:82:2b:4c:09,
7e:f0:82:2b:4c:09,
7e:f0:82:2b:4c:09,
7e:f0:82:2b:4c:09,
7e:f0:82:2b:4c:09,
7e:f0:82:2b:4c:09,
7e:f0:82:2b:4c:09,
7e:f0:82:2b:4c:09,
7e:f0:82:2b:4c:09,
7e:f0:82:2b:4c:09,
7e:f0:82:2b:4c:09,
7e:f0:82:2b:4c:09,
7e:f0:82:2b:4c:09,
7e:f0:82:2b:4c:09,
7e:f0:82:2b:4c:09,
7e:f0:82:2b:4c:09,
7e:f0:82:2b:4c:09,
7e:f0:82:2b:4c:09,
7e:f0:82:2b:4c:09,
7e:f0:82:2b:4c:09,
7e:f0:82:2b:4c:09,
7e:f0:82:2b:4c:09,
7e:f0:82:2b:4c:09,
7e:f0:82:2b:4c:09,
7e:f0:82:2b:4c:09,
7e:f0:82:2b:4c:09,
7e:f0:82:2b:4c:09,
7e:f0:82:2b:4c:09,
7e:f0:82:2b:4c:09,
7e:f0:82:2b:4c:09,
7e:f0:82:2b:4c:09,
7e:f0:82:2b:4c:09,
7e:f0:82:2b:4c:09,
7e:f0:82:2b:4c:09,
7e:f0:82:2b:4c:09,
7e:f0:82:2b:4c:09,
7e:f0:82:2b:4c:09,
7e:f0:82:2b:4c:09,
7e:f0:82:2b:4c:09,
7e:f0:82:2b:4c:09,
7e:f0:82:2b:4c:09,
7e:f0:82:2b:4c:09,
7e:f0:82:2b:4c:09,
7e:f0:82:2b:4c:09,
7e:f0:82:2b:4c:09,
7e:f0:82:2b:4c:09,
7e:f0:82:2b:4c:09,
7e:f0:82:2b:4c:09,
7e:f0:82:2b:4c:09,
7e:f0:82:2b:4c:09,
7e:f0:82:2b:4c:09,
7e:f0:82:2b:4c:09,
7e:f0:82:2b:4c:09,
7e:f0:82:2b:4c:09,
7e:f0:82:2b:4c:09,
7e:f0:82:2b:4c:09,
7e:f0:82:2b:4c:09,
7e:f0:82:2b:4c:09,
7e:f0:82:2b:4c:09,
7e:f0:82:2b:4c:09,
7e:f0:82:2b:4c:09,
7e:f0:82:2b:4c:09,
7e:f0:82:2b:4c:09,
7e:f0:82:2b:4c:09,
7e:f0:82:2b:4c:09,
7e:f0:82:2b:4c:09,
7e:f0:82:2b:4c:09,
7e:f0:82:2b:4c:09,
7e:f0:82:2b:4c:09,
7e:f0:82:2b:4c:09,
7e:f0:82:2b:4c:09,
7e:f0:82:2b:4c:09,
7e:f0:82:2b:4c:09,
7e:f0:82:2b:4c:09,
7e:f0:82:2b:4c:09,
7e:f0:82:2b:4c:09,
7e:f0:82:2b:4c:09,
7e:f0:82:2b:4c:09,
7e:f0:82:2b:4c:09,
7e:f0:82:2b:4c:09,
7e:f0:82:2b:4c:09,
7e:f0:82:2b:4c:09,
7e:f0:82:2b:4c:09,
7e:f0:82:2b:4c:09,
7e:f0:82:2b:4c:09,
7e:f0:82:2b:4c:09,
7e:f0:82:2b:4c:09,
7e:f0:82:2b:4c:09,
7e:f0:82:2b:4c:09,
7e:f0:82:2b:4c:09,
7e:f0:82:2b:4c:09,
7e:f0:82:2b:4c:09,
7e:f0:82:2b:4c:09,
7e:f0:82:2b:4c:09,
7e:f0:82:2b:4c:09,
7e:f0:82:2b:4c:09,
7e:f0:82:2b:4c:09,
7e:f0:82:2b:4c:09,
7e:f0:82:2b:4c:09,
7e:f0:82:2b:4c:09,
7e:f0:82:2b:4c:09,
7e:f0:82:2b:4c:09,
7e:f0:82:2b:4c:09,
7e:f0:82:2b:4c:09,
7e:f0:82:2b:4c:09,
7e:f0:82:2b:4c:09,
7e:f0:82:2b:4c:09,
7e:f0:82:2b:4c:09,
7e:f0:82:2b:4c:09,
7e:f0:82:2b:4c:09,
7e:f0:82:2b:4c:09,
7e:f0:82:2b:4c:09,
7e:f0:82:2b:4c:09,
7e:f0:82:2b:4c:09,
7e:f0:82:2b:4c:09,
7e:f0:82:2b:4c:09,
7e:f0:82:2b:4c:09,
7e:f0:82:2b:4c:09,
7e:f0:82:2b:4c:09,
7e:f0:82:2b:4c:09,
7e:f0:82:2b:4c:09,
7e:f0:82:2b:4c:09,
7e:f0:82:2b:4c:09,
7e:f0:82:2b:4c:09,
7e:f0:82:2b:4c:09,
7e:f0:82:2b:4c:09,
7e:f0:82:2b:4c:09,
7e:f0:82:2b:4c:09,
7e:f0:82:2b:4c:09,
7e:f0:82:2b:4c:09,
7e:f0:82:2b:4c:09,
7e:f0:82:2b:4c:09,
7e:f0:82:2b:4c:09,
7e:f0:82:2b:4c:09,
7e:f0:82:2b:4c:09,
7e:f0:82:2b:4c:09,
7e:f0:82:2b:4c:09,
7e:f0:82:2b:4c:09,
7e:f0:82:2b:4c:09,
7e:f0:82:2b:4c:09,
7e:f0:82:2b:4c:09,
7e:f0:82:2b:4c:09,
7e:f0:82:2b:4c:09,
7e:f0:82:2b:4c:09,
7e:f0:82:2b:4c:09,
7e:f0:82:2b:4c:09,
7e:f0:82:2b:4c:09,
7e:f0:82:2b:4c:09,
7e:f0:82:2b:4c:09,
7e:f0:82:2b:4c:09,
7e:f0:82:2b:4c:09,
7e:f0:82:2b:4c:09,
7e:f0:82:2b:4c:09,
7e:f0:82:2b:4c:09,
7e:f0:82:2b:4c:09,
7e:f0:82:2b:4c:09,
7e:f0:82:2b:4c:09,
7e:f0:82:2b:4c:09,
7e:f0:82:2b:4c:09,
7e:f0:82:2b:4c:09,
7e:f0:82:2b:4c:09,
7e:f0:82:2b:4c:09,
7e:f0:82:2b:4c:09,
7e:f0:82:2b:4c:09,
7e:f0:82:2b:4c:09,
7e:f0:82:2b:4c:09,
7e:f0:82:2b:4c:09,
7e:f0:82:2b:4c:09,
7e:f0:82:2b:4c:09,
7e:f0:82:2b:4c:09,
7e:f0:82:2b:4c:09,
7e:f0:82:2b:4c:09,
7e:f0:82:2b:4c:09,
7e:f0:82:2b:4c:09,
7e:f0:82:2b:4c:09,
7e:f0:82:2b:4c:09,
7e:f0:82:2b:4c:09,
7e:f0:82:2b:4c:09,
7e:f0:82:2b:4c:09,
7e:f0:82:2b:4c:09,
7e:f0:82:2b:4c:09,
7e:f0:82:2b:4c:09,
7e:f0:82:2b:4c:09,
7e:f0:82:2b:4c:09,
7e:f0:82:2b:4c:09,
7e:f0:82:2b:4c:09,
7e:f0:82:2b:4c:09,
7e:f0:82:2b:4c:09,
7e:f0:82:2b:4c:09,
7e:f0:82:2b:4c:09,
7e:f0:82:2b:4c:09,
7e:f0:82:2b:4c:09,
7e:f0:82:2b:4c:09,
7e:f0:82:2b:4c:09,
7e:f0:82:2b:4c:09,
7e:f0:82:2b:4c:09,
7e:f0:82:2b:4c:09,
7e:f0:82:2b:4c:09,
7e:f0:82:2b:4c:09,
7e:f0:82:2b:4c:09,
7e:f0:82:2b:4c:09,
7e:f0:82:2b:4c:09,
7e:f0:82:2b:4c:09,
7e:f0:82:2b:4c:09,
7e:f0:82:2b:4c:09,
7e:f0:82:2b:4c:09,
7e:f0:82:2b:4c:09,
7e:f0:82:2b:4c:09,
7e:f0:82:2b:4c:09,
7e:f0:82:2b:4c:09,
7e:f0:82:2b:4c:09,
7e:f0:82:2b:4c:09,
7e:f0:82:2b:4c:09,
7e:f0:82:2b:4c:09,
7e:f0:82:2b:4c:09,
7e:f0:82:2b:4c:09,
7e:f0:82:2b:4c:09,
7e:f0:82:2b:4c:09,
7e:f0:82:2b:4c:09,
7e:f0:82:2b:4c:09,
7e:f0:82:2b:4c:09,
7e:f0:82:2b:4c:09,
7e:f0:82:2b:4c:09,
7e:f0:82:2b:4c:09,
7e:f0:82:2b:4c:09,
7e:f0:82:2b:4c:09,
7e:f0:82:2b:4c:09,
7e:f0:82:2b:4c:09,
7e:f0:82:2b:4c:09,
7e:f0:82:2b:4c:09,
7e:f0:82:2b:4c:09,
7e:f0:82:2b:4c:09,
7e:f0:82:2b:4c:09,
7e:f0:82:2b:4c:09,
7e:f0:82:2b:4c:09,
7e:f0:82:2b:4c:09,
7e:f0:82:2b:4c:09,
7e:f0:82:2b:4c:09,
7e:f0:82:2b:4c:09,
7e:f0:82:2b:4c:09,
7e:f0:82:2b:4c:09,
7e:f0:82:2b:4c:09,
7e:f0:82:2b:4c:09,
7e:f0:82:2b:4c:09,
7e:f0:82:2b:4c:09,
7e:f0:82:2b:4c:09,
7e:f0:82:2b:4c:09,
7e:f0:82:2b:4c:09,
7e:f0:82:2b:4c:09,
7e:f0:82:2b:4c:09,
7e:f0:82:2b:4c:09,
7e:f0:82:2b:4c:09,
7e:f0:82:2b:4c:09,
7e:f0:82:2b:4c:09,
7e:f0:82:2b:4c:09,
7e:f0:82:2b:4c:09,
7e:f0:82:2b:4c:09,
7e:f0:82:2b:4c:09,
7e:f0:82:2b:4c:09,
7e:f0:82:2b:4c:09,
7e:f0:82:2b:4c:09,
7e:f0:82:2b:4c:09,
7e:f0:82:2b:4c:09,
7e:f0:82:2b:4c:09,
7e:f0:82:2b:4c:09,
7e:f0:82:2b:4c:09,
7e:f0:82:2b:4c:09,
7e:f0:82:2b:4c:09,
7e:f0:82:2b:4c:09,
7e:f0:82:2b:4c:09,
7e:f0:82:2b:4c:09,
7e:f0:82:2b:4c:09,
7e:f0:82:2b:4c:09,
7e:f0:82:2b:4c:09,
7e:f0:82:2b:4c:09,
7e:f0:82:2b:4c:09,
7e:f0:82:2b:4c:09,
7e:f0:82:2b:4c:09,
7e:f0:82:2b:4c:09,
7e:f0:82:2b:4c:09,
7e:f0:82:2b:4c:09,
7e:f0:82:2b:4c:09,
7e:f0:82:2b:4c:09,
7e:f0:82:2b:4c:09,
7e:f0:82:2b:4c:09,
7e:f0:82:2b:4c:09,
7e:f0:82:2b:4c:09,
7e:f0:82:2b:4c:09,
7e:f0:82:2b:4c:09,
7e:f0:82:2b:4c:09,
7e:f0:82:2b:4c:09,
7e:f0:82:2b:4c:09,
7e:f0:82:2b:4c:09,
7e:f0:82:2b:4c:09,
7e:f0:82:2b:4c:09,
7e:f0:82:2b:4c:09,
7e:f0:82:2b:4c:09,
7e:f0:82:2b:4c:09,
7e:f0:82:2b:4c:09,
7e:f0:82:2b:4c:09,
7e:f0:82:2b:4c:09,
7e:f0:82:2b:4c:09,
7e:f0:82:2b:4c:09,
7e:f0:82:2b:4c:09,
7e:f0:82:2b:4c:09,
7e:f0:82:2b:4c:09,
7e:f0:82:2b:4c:09,
7e:f0:82:2b:4c:09,
7e:f0:82:2b:4c:09,
7e:f0:82:2b:4c:09,
7e:f0:82:2b:4c:09,
7e:f0:82:2b:4c:09,
7e:f0:82:2b:4c:09,
7e:f0:82:2b:4c:09,
7e:f0:82:2b:4c:09,
7e:f0:82:2b:4c:09,
7e:f0:82:2b:4c:09,
7e:f0:82:2b:4c:09,
7e:f0:82:2b:4c:09,
7e:f0:82:2b:4c:09,
7e:f0:82:2b:4c:09,
7e:f0:82:2b:4c:09,
7e:f0:82:2b:4c:09,
7e:f0:82:2b:4c:09,
7e:f0:82:2b:4c:09,
7e:f0:82:2b:4c:09,
7e:f0:82:2b:4c:09,
7e:f0:82:2b:4c:09,
7e:f0:82:2b:4c:09,
7e:f0:82:2b:4c:09,
7e:f0:82:2b:4c:09,
7e:f0:82:2b:4c:09,
7e:f0:82:2b:4c:09,
7e:f0:82:2b:4c:09,
7e:f0:82:2b:4c:09,
7e:f0:82:2b:4c:09,
7e:f0:82:2b:4c:09,
7e:f0:82:2b:4c:09,
7e:f0:82:2b:4c:09,
7e:f0:82:2b:4c:09,
7e:f0:82:2b:4c:09,
7e:f0:82:2b:4c:09,
7e:f0:82:2b:4c:09,
7e:f0:82:2b:4c:09,
7e:f0:82:2b:4c:09,
7e:f0:82:2b:4c:09,
7e:f0:82:2b:4c:09,
7e:f0:82:2b:4c:09,
7e:f0:82:2b:4c:09,
7e:f0:82:2b:4c:09,
7e:f0:82:2b:4c:09,
7e:f0:82:2b:4c:09,
7e:f0:82:2b:4c:09,
7e:f0:82:2b:4c:09,
7e:f0:82:2b:4c:09,
7e:f0:82:2b:4c:09,
7e:f0:82:2b:4c:09,
7e:f0:82:2b:4c:09,
7e:f0:82:2b:4c:09,
7e:f0:82:2b:4c:09,
7e:f0:82:2b:4c:09,
7e:f0:82:2b:4c:09,
7e:f0:82:2b:4c:09,
7e:f0:82:2b:4c:09,
7e:f0:82:2b:4c:09,
7e:f0:82:2b:4c:09,
7e:f0:82:2b:4c:09,
7e:f0:82:2b:4c:09,
7e:f0:82:2b:4c:09,
7e:f0:82:2b:4c:09,
7e:f0:82:2b:4c:09,
7e:f0:82:2b:4c:09,
7e:f0:82:2b:4c:09,
7e:f0:82:2b:4c:09,
7e:f0:82:2b:4c:09,
7e:f0:82:2b:4c:09,
7e:f0:82:2b:4c:09,
7e:f0:82:2b:4c:09,
7e:f0:82:2b:4c:09,
7e:f0:82:2b:4c:09,
7e:f0:82:2b:4c:09,
7e:f0:82:2b:4c:09,
7e:f0:82:2b:4c:09,
7e:f0:82:2b:4c:09,
7e:f0:82:2b:4c:09,
7e:f0:82:2b:4c:09,
7e:f0:82:2b:4c:09,
7e:f0:82:2b:4c:09,
7e:f0:82:2b:4c:09,
7e:f0:82:2b:4c:09,
7e:f0:82:2b:4c:09,
7e:f0:82:2b:4c:09,
7e:f0:82:2b:4c:09,
7e:f0:82:2b:4c:09,
7e:f0:82:2b:4c:09,
7e:f0:82:2b:4c:09,
7e:f0:82:2b:4c:09,
7e:f0:82:2b:4c:09,
7e:f0:82:2b:4c:09,
7e:f0:82:2b:4c:09,
7e:f0:82:2b:4c:09,
7e:f0:82:2b:4c:09,
7e:f0:82:2b:4c:09,
7e:f0:82:2b:4c:09,
7e:f0:82:2b:4c:09,
7e:f0:82:2b:4c:09,
7e:f0:82:2b:4c:09,
7e:f0:82:2b:4c:09,
7e:f0:82:2b:4c:09,
7e:f0:82:2b:4c:09,
7e:f0:82:2b:4c:09,
7e:f0:82:2b:4c:09,
7e:f0:82:2b:4c:09,
7e:f0:82:2b:4c:09,
7e:f0:82:2b:4c:09,
7e:f0:82:2b:4c:09,
7e:f0:82:2b:4c:09,
7e:f0:82:2b:4c:09,
7e:f0:82:2b:4c:09,
7e:f0:82:2b:4c:09,
7e:f0:82:2b:4c:09,
7e:f0:82:2b:4c:09,
7e:f0:82:2b:4c:09,
7e:f0:82:2b:4c:09,
7e:f0:82:2b:4c:09,
7e:f0:82:2b:4c:09,
7e:f0:82:2b:4c:09,
7e:f0:82:2b:4c:09,
7e:f0:82:2b:4c:09,
7e:f0:82:2b:4c:09,
7e:f0:82:2b:4c:09,
7e:f0:82:2b:4c:09,
7e:f0:82:2b:4c:09,
7e:f0:82:2b:4c:09,
7e:f0:82:2b:4c:09,
7e:f0:82:2b:4c:09,
7e:f0:82:2b:4c:09,
7e:f0:82:2b:4c:09,
7e:f0:82:2b:4c:09,
7e:f0:82:2b:4c:09,
7e:f0:82:2b:4c:09,
7e:f0:82:2b:4c:09,
7e:f0:82:2b:4c:09,
7e:f0:82:2b:4c:09,
7e:f0:82:2b:4c:09,
7e:f0:82:2b:4c:09,
7e:f0:82:2b:4c:09,
7e:f0:82:2b:4c:09,
7e:f0:82:2b:4c:09,
7e:f0:82:2b:4c:09,
7e:f0:82:2b:4c:09,
7e:f0:82:2b:4c:09,
7e:f0:82:2b:4c:09,
7e:f0:82:2b:4c:09,
7e:f0:82:2b:4c:09,
7e:f0:82:2b:4c:09,
7e:f0:82:2b:4c:09,
7e:f0:82:2b:4c:09,
7e:f0:82:2b:4c:09,
7e:f0:82:2b:4c:09,
7e:f0:82:2b:4c:09,
7e:f0:82:2b:4c:09,
7e:f0:82:2b:4c:09,
7e:f0:82:2b:4c:09,
7e:f0:82:2b:4c:09,
7e:f0:82:2b:4c:09,
7e:f0:82:2b:4c:09,
7e:f0:82:2b:4c:09,
7e:f0:82:2b:4c:09,
7e:f0:82:2b:4c:09,
7e:f0:82:2b:4c:09,
7e:f0:82:2b:4c:09,
7e:f0:82:2b:4c:09,
7e:f0:82:2b:4c:09,
7e:f0:82:2b:4c:09,
7e:f0:82:2b:4c:09,
7e:f0:82:2b:4c:09,
7e:f0:82:2b:4c:09,
7e:f0:82:2b:4c:09,
7e:f0:82:2b:4c:09,
7e:f0:82:2b:4c:09,
7e:f0:82:2b:4c:09,
7e:f0:82:2b:4c:09,
7e:f0:82:2b:4c:09,
7e:f0:82:2b:4c:09,
7e:f0:82:2b:4c:09,
7e:f0:82:2b:4c:09,
7e:f0:82:2b:4c:09,
7e:f0:82:2b:4c:09,
7e:f0:82:2b:4c:09,
7e:f0:82:2b:4c:09,
7e:f0:82:2b:4c:09,
7e:f0:82:2b:4c:09,
7e:f0:82:2b:4c:09,
7e:f0:82:2b:4c:09,
7e:f0:82:2b:4c:09,
7e:f0:82:2b:4c:09,
7e:f0:82:2b:4c:09,
7e:f0:82:2b:4c:09,
7e:f0:82:2b:4c:09,
7e:f0:82:2b:4c:09,
7e:f0:82:2b:4c:09,
7e:f0:82:2b:4c:09,
7e:f0:82:2b:4c:09,
7e:f0:82:2b:4c:09,
7e:f0:82:2b:4c:09,
7e:f0:82:2b:4c:09,
7e:f0:82:2b:4c:09,
7e:f0:82:2b:4c:09,
7e:f0:82:2b:4c:09,
7e:f0:82:2b:4c:09,
7e:f0:82:2b:4c:09,
7e:f0:82:2b:4c:09,
7e:f0:82:2b:4c:09,
7e:f0:82:2b:4c:09,
7e:f0:82:2b:4c:09,
7e:f0:82:2b:4c:09,
7e:f0:82:2b:4c:09,
7e:f0:82:2b:4c:09,
7e:f0:82:2b:4c:09,
7e:f0:82:2b:4c:09,
7e:f0:82:2b:4c:09,
7e:f0:82:2b:4c:09,
7e:f0:82:2b:4c:09,
7e:f0:82:2b:4c:09,
7e:f0:82:2b:4c:09,
7e:f0:82:2b:4c:09,
7e:f0:82:2b:4c:09,
7e:f0:82:2b:4c:09,
7e:f0:82:2b:4c:09,
7e:f0:82:2b:4c:09,
7e:f0:82:2b:4c:09,
7e:f0:82:2b:4c:09,
7e:f0:82:2b:4c:09,
7e:f0:82:2b:4c:09,
7e:f0:82:2b:4c:09,
7e:f0:82:2b:4c:09,
7e:f0:82:2b:4c:09,
7e:f0:82:2b:4c:09,
7e:f0:82:2b:4c:09,
7e:f0:82:2b:4c:09,
7e:f0:82:2b:4c:09,
7e:f0:82:2b:4c:09,
7e:f0:82:2b:4c:09,
7e:f0:82:2b:4c:09,
7e:f0:82:2b:4c:09,
7e:f0:82:2b:4c:09,
7e:f0:82:2b:4c:09,
7e:f0:82:2b:4c:09,
7e:f0:82:2b:4c:09,
7e:f0:82:2b:4c:09,
7e:f0:82:2b:4c:09,
7e:f0:82:2b:4c:09,
7e:f0:82:2b:4c:09,
7e:f0:82:2b:4c:09,
7e:f0:82:2b:4c:09,
7e:f0:82:2b:4c:09,
7e:f0:82:2b:4c:09,
7e:f0:82:2b:4c:09,
7e:f0:82:2b:4c:09,
7e:f0:82:2b:4c:09,
7e:f0:82:2b:4c:09,
7e:f0:82:2b:4c:09,
7e:f0:82:2b:4c:09,
7e:f0:82:2b:4c:09,
7e:f0:82:2b:4c:09,
7e:f0:82:2b:4c:09,
7e:f0:82:2b:4c:09,
7e:f0:82:2b:4c:09,
7e:f0:82:2b:4c:09,
7e:f0:82:2b:4c:09,
7e:f0:82:2b:4c:09,
7e:f0:82:2b:4c:09,
7e:f0:82:2b:4c:09,
7e:f0:82:2b:4c:09,
7e:f0:82:2b:4c:09,
7e:f0:82:2b:4c:09,
7e:f0:82:2b:4c:09,
7e:f0:82:2b:4c:09,
7e:f0:82:2b:4c:09,
7e:f0:82:2b:4c:09,
7e:f0:82:2b:4c:09,
7e:f0:82:2b:4c:09,
7e:f0:82:2b:4c:09,
7e:f0:82:2b:4c:09,
7e:f0:82:2b:4c:09,
7e:f0:82:2b:4c:09,
7e:f0:82:2b:4c:09,
7e:f0:82:2b:4c:09,
7e:f0:82:2b:4c:09,
7e:f0:82:2b:4c:09,
7e:f0:82:2b:4c:09,
7e:f0:82:2b:4c:09,
7e:f0:82:2b:4c:09,
7e:f0:82:2b:4c:09,
7e:f0:82:2b:4c:09,
7e:f0:82:2b:4c:09,
7e:f0:82:2b:4c:09,
7e:f0:82:2b:4c:09,
7e:f0:82:2b:4c:09,
7e:f0:82:2b:4c:09,
7e:f0:82:2b:4c:09,
7e:f0:82:2b:4c:09,
7e:f0:82:2b:4c:09,
7e:f0:82:2b:4c:09,
7e:f0:82:2b:4c:09,
7e:f0:82:2b:4c:09,
7e:f0:82:2b:4c:09,
7e:f0:82:2b:4c:09,
7e:f0:82:2b:4c:09,
7e:f0:82:2b:4c:09,
7e:f0:82:2b:4c:09,
7e:f0:82:2b:4c:09,
7e:f0:82:2b:4c:09,
7e:f0:82:2b:4c:09,
7e:f0:82:2b:4c:09,
7e:f0:82:2b:4c:09,
7e:f0:82:2b:4c:09,
7e:f0:82:2b:4c:09,
7e:f0:82:2b:4c:09,
7e:f0:82:2b:4c:09,
7e:f0:82:2b:4c:09,
7e:f0:82:2b:4c:09,
7e:f0:82:2b:4c:09,
7e:f0:82:2b:4c:09,
7e:f0:82:2b:4c:09,
7e:f0:82:2b:4c:09,
7e:f0:82:2b:4c:09,
7e:f0:82:2b:4c:09,
7e:f0:82:2b:4c:09,
7e:f0:82:2b:4c:09,
7e:f0:82:2b:4c:09,
7e:f0:82:2b:4c:09,
7e:f0:82:2b:4c:09,
7e:f0:82:2b:4c:09,
7e:f0:82:2b:4c:09,
7e:f0:82:2b:4c:09,
7e:f0:82:2b:4c:09,
7e:f0:82:2b:4c:09,
7e:f0:82:2b:4c:09,
7e:f0:82:2b:4c:09,
7e:f0:82:2b:4c:09,
7e:f0:82:2b:4c:09,
7e:f0:82:2b:4c:09,
7e:f0:82:2b:4c:09,
7e:f0:82:2b:4c:09,
7e:f0:82:2b:4c:09,
7e:f0:82:2b:4c:09,
7e:f0:82:2b:4c:09,
7e:f0:82:2b:4c:09,
7e:f0:82:2b:4c:09,
7e:f0:82:2b:4c:09,
7e:f0:82:2b:4c:09,
7e:f0:82:2b:4c:09,
7e:f0:82:2b:4c:09,
7e:f0:82:2b:4c:09,
7e:f0:82:2b:4c:09,
7e:f0:82:2b:4c:09,
7e:f0:82:2b:4c:09,
7e:f0:82:2b:4c:09,
7e:f0:82:2b:4c:09,
7e:f0:82:2b:4c:09,
7e:f0:82:2b:4c:09,
7e:f0:82:2b:4c:09,
7e:f0:82:2b:4c:09,
7e:f0:82:2b:4c:09,
7e:f0:82:2b:4c:09,
7e:f0:82:2b:4c:09,
7e:f0:82:2b:4c:09,
7e:f0:82:2b:4c:09,
7e:f0:82:2b:4c:09,
7e:f0:82:2b:4c:09,
7e:f0:82:2b:4c:09,
7e:f0:82:2b:4c:09,
7e:f0:82:2b:4c:09,
7e:f0:82:2b:4c:09,
7e:f0:82:2b:4c:09,
7e:f0:82:2b:4c:09,
7e:f0:82:2b:4c:09,
7e:f0:82:2b:4c:09,
7e:f0:82:2b:4c:09,
7e:f0:82:2b:4c:09,
7e:f0:82:2b:4c:09,
7e:f0:82:2b:4c:09,
7e:f0:82:2b:4c:09,
7e:f0:82:2b:4c:09,
7e:f0:82:2b:4c:09,
7e:f0:82:2b:4c:09,
7e:f0:82:2b:4c:09,
7e:f0:82:2b:4c:09,
7e:f0:82:2b:4c:09,
7e:f0:82:2b:4c:09,
7e:f0:82:2b:4c:09,
7e:f0:82:2b:4c:09,
7e:f0:82:2b:4c:09,
7e:f0:82:2b:4c:09,
7e:f0:82:2b:4c:09,
7e:f0:82:2b:4c:09,
7e:f0:82:2b:4c:09,
7e:f0:82:2b:4c:09,
7e:f0:82:2b:4c:09,
7e:f0:82:2b:4c:09,
7e:f0:82:2b:4c:09,
7e:f0:82:2b:4c:09,
7e:f0:82:2b:4c:09,
7e:f0:82:2b:4c:09,
7e:f0:82:2b:4c:09,
7e:f0:82:2b:4c:09,
7e:f0:82:2b:4c:09,
7e:f0:82:2b:4c:09,
7e:f0:82:2b:4c:09,
7e:f0:82:2b:4c:09,
7e:f0:82:2b:4c:09,
7e:f0:82:2b:4c:09,
7e:f0:82:2b:4c:09,
7e:f0:82:2b:4c:09,
7e:f0:82:2b:4c:09,
7e:f0:82:2b:4c:09,
7e:f0:82:2b:4c:09,
7e:f0:82:2b:4c:09,
7e:f0:82:2b:4c:09,
7e:f0:82:2b:4c:09,
7e:f0:82:2b:4c:09,
7e:f0:82:2b:4c:09,
7e:f0:82:2b:4c:09,
7e:f0:82:2b:4c:09,
7e:f0:82:2b:4c:09,
7e:f0:82:2b:4c:09,
7e:f0:82:2b:4c:09,
7e:f0:82:2b:4c:09,
7e:f0:82:2b:4c:09,
7e:f0:82:2b:4c:09,
7e:f0:82:2b:4c:09,
7e:f0:82:2b:4c:09,
7e:f0:82:2b:4c:09,
7e:f0:82:2b:4c:09,
7e:f0:82:2b:4c:09,
7e:f0:82:2b:4c:09,
7e:f0:82:2b:4c:09,
7e:f0:82:2b:4c:09,
7e:f0:82:2b:4c:09,
7e:f0:82:2b:4c:09,
7e:f0:82:2b:4c:09,
7e:f0:82:2b:4c:09,
7e:f0:82:2b:4c:09,
7e:f0:82:2b:4c:09,
7e:f0:82:2b:4c:09,
7e:f0:82:2b:4c:09,
7e:f0:82:2b:4c:09,
7e:f0:82:2b:4c:09,
7e:f0:82:2b:4c:09,
7e:f0:82:2b:4c:09,
7e:f0:82:2b:4c:09,
7e:f0:82:2b:4c:09,
7e:f0:82:2b:4c:09,
7e:f0:82:2b:4c:09,
7e:f0:82:2b:4c:09,
7e:f0:82:2b:4c:09,
7e:f0:82:2b:4c:09,
7e:f0:82:2b:4c:09,
7e:f0:82:2b:4c:09,
7e:f0:82:2b:4c:09,
7e:f0:82:2b:4c:09,
7e:f0:82:2b:4c:09,
7e:f0:82:2b:4c:09,
7e:f0:82:2b:4c:09,
7e:f0:82:2b:4c:09,
7e:f0:82:2b:4c:09,
7e:f0:82:2b:4c:09,
7e:f0:82:2b:4c:09,
7e:f0:82:2b:4c:09,
7e:f0:82:2b:4c:09,
7e:f0:82:2b:4c:09,
7e:f0:82:2b:4c:09,
7e:f0:82:2b:4c:09,
7e:f0:82:2b:4c:09,
7e:f0:82:2b:4c:09,
7e:f0:82:2b:4c:09,
7e:f0:82:2b:4c:09,
7e:f0:82:2b:4c:09,
7e:f0:82:2b:4c:09,
7e:f0:82:2b:4c:09,
7e:f0:82:2b:4c:09,
7e:f0:82:2b:4c:09,
7e:f0:82:2b:4c:09,
7e:f0:82:2b:4c:09,
7e:f0:82:2b:4c:09,
7e:f0:82:2b:4c:09,
7e:f0:82:2b:4c:09,
7e:f0:82:2b:4c:09,
7e:f0:82:2b:4c:09,
7e:f0:82:2b:4c:09,
7e:f0:82:2b:4c:09,
7e:f0:82:2b:4c:09,
7e:f0:82:2b:4c:09,
7e:f0:82:2b:4c:09,
7e:f0:82:2b:4c:09,
7e:f0:82:2b:4c:09,
7e:f0:82:2b:4c:09,
7e:f0:82:2b:4c:09,
7e:f0:82:2b:4c:09,
7e:f0:82:2b:4c:09,
7e:f0:82:2b:4c:09,
7e:f0:82:2b:4c:09,
7e:f0:82:2b:4c:09,
7e:f0:82:2b:4c:09,
7e:f0:82:2b:4c:09,
7e:f0:82:2b:4c:09,
7e:f0:82:2b:4c:09,
7e:f0:82:2b:4c:09,
7e:f0:82:2b:4c:09,
7e:f0:82:2b:4c:09,
7e:f0:82:2b:4c:09,
7e:f0:82:2b:4c:09,
7e:f0:82:2b:4c:09,
7e:f0:82:2b:4c:09,
7e:f0:82:2b:4c:09,
7e:f0:82:2b:4c:09,
7e:f0:82:2b:4c:09,
7e:f0:82:2b:4c:09,
7e:f0:82:2b:4c:09,
7e:f0:82:2b:4c:09,
7e:f0:82:2b:4c:09,
7e:f0:82:2b:4c:09,
7e:f0:82:2b:4c:09,
7e:f0:82:2b:4c:09,
7e:f0:82:2b:4c:09,
7e:f0:82:2b:4c:09,
7e:f0:82:2b:4c:09,
7e:f0:82:2b:4c:09,
7e:f0:82:2b:4c:09,
7e:f0:82:2b:4c:09,
7e:f0:82:2b:4c:09,
7e:f0:82:2b:4c:09,
7e:f0:82:2b:4c:09,
7e:f0:82:2b:4c:09,
7e:f0:82:2b:4c:09,
7e:f0:82:2b:4c:09,
7e:f0:82:2b:4c:09,
7e:f0:82:2b:4c:09,
7e:f0:82:2b:4c:09,
7e:f0:82:2b:4c:09,
7e:f0:82:2b:4c:09,
7e:f0:82:2b:4c:09,
7e:f0:82:2b:4c:09,
7e:f0:82:2b:4c:09,
7e:f0:82:2b:4c:09,
7e:f0:82:2b:4c:09,
7e:f0:82:2b:4c:09,
7e:f0:82:2b:4c:09,
7e:f0:82:2b:4c:09,
7e:f0:82:2b:4c:09,
7e:f0:82:2b:4c:09,
7e:f0:82:2b:4c:09,
7e:f0:82:2b:4c:09,
7e:f0:82:2b:4c:09,
7e:f0:82:2b:4c:09,
7e:f0:82:2b:4c:09,
7e:f0:82:2b:4c:09,
7e:f0:82:2b:4c:09,
7e:f0:82:2b:4c:09,
7e:f0:82:2b:4c:09,
7e:f0:82:2b:4c:09,
7e:f0:82:2b:4c:09,
7e:f0:82:2b:4c:09,
7e:f0:82:2b:4c:09,
7e:f0:82:2b:4c:09,
7e:f0:82:2b:4c:09,
7e:f0:82:2b:4c:09,
7e:f0:82:2b:4c:09,
7e:f0:82:2b:4c:09,
7e:f0:82:2b:4c:09,
7e:f0:82:2b:4c:09,
7e:f0:82:2b:4c:09,
7e:f0:82:2b:4c:09,
7e:f0:82:2b:4c:09,
7e:f0:82:2b:4c:09,
7e:f0:82:2b:4c:09,
7e:f0:82:2b:4c:09,
7e:f0:82:2b:4c:09,
7e:f0:82:2b:4c:09,
7e:f0:82:2b:4c:09,
7e:f0:82:2b:4c:09,
7e:f0:82:2b:4c:09,
7e:f0:82:2b:4c:09,
7e:f0:82:2b:4c:09,
7e:f0:82:2b:4c:09,
7e:f0:82:2b:4c:09,
7e:f0:82:2b:4c:09,
7e:f0:82:2b:4c:09,
7e:f0:82:2b:4c:09,
7e:f0:82:2b:4c:09,
7e:f0:82:2b:4c:09,
7e:f0:82:2b:4c:09,
7e:f0:82:2b:4c:09,
7e:f0:82:2b:4c:09,
7e:f0:82:2b:4c:09,
7e:f0:82:2b:4c:09,
7e:f0:82:2b:4c:09,
7e:f0:82:2b:4c:09,
7e:f0:82:2b:4c:09,
7e:f0:82:2b:4c:09,
7e:f0:82:2b:4c:09,
7e:f0:82:2b:4c:09,
7e:f0:82:2b:4c:09,
7e:f0:82:2b:4c:09,
7e:f0:82:2b:4c:09,
7e:f0:82:2b:4c:09,
7e:f0:82:2b:4c:09,
7e:f0:82:2b:4c:09,
7e:f0:82:2b:4c:09,
7e:f0:82:2b:4c:09,
7e:f0:82:2b:4c:09,
7e:f0:82:2b:4c:09,
7e:f0:82:2b:4c:09,
7e:f0:82:2b:4c:09,
7e:f0:82:2b:4c:09,
7e:f0:82:2b:4c:09,
7e:f0:82:2b:4c:09,
7e:f0:82:2b:4c:09,
7e:f0:82:2b:4c:09,
7e:f0:82:2b:4c:09,
7e:f0:82:2b:4c:09,
7e:f0:82:2b:4c:09,
7e:f0:82:2b:4c:09,
7e:f0:82:2b:4c:09,
7e:f0:82:2b:4c:09,
7e:f0:82:2b:4c:09,
7e:f0:82:2b:4c:09,
7e:f0:82:2b:4c:09,
7e:f0:82:2b:4c:09,
7e:f0:82:2b:4c:09,
7e:f0:82:2b:4c:09,
7e:f0:82:2b:4c:09,
7e:f0:82:2b:4c:09,
7e:f0:82:2b:4c:09,
7e:f0:82:2b:4c:09,
7e:f0:82:2b:4c:09,
7e:f0:82:2b:4c:09,
7e:f0:82:2b:4c:09,
7e:f0:82:2b:4c:09,
7e:f0:82:2b:4c:09,
7e:f0:82:2b:4c:09,
7e:f0:82:2b:4c:09,
7e:f0:82:2b:4c:09,
7e:f0:82:2b:4c:09,
7e:f0:82:2b:4c:09,
7e:f0:82:2b:4c:09,
7e:f0:82:2b:4c:09,
7e:f0:82:2b:4c:09,
7e:f0:82:2b:4c:09,
7e:f0:82:2b:4c:09,
7e:f0:82:2b:4c:09,
7e:f0:82:2b:4c:09,
7e:f0:82:2b:4c:09,
7e:f0:82:2b:4c:09,
7e:f0:82:2b:4c:09,
7e:f0:82:2b:4c:09,
7e:f0:82:2b:4c:09,
7e:f0:82:2b:4c:09,
7e:f0:82:2b:4c:09,
7e:f0:82:2b:4c:09,
7e:f0:82:2b:4c:09,
7e:f0:82:2b:4c:09,
7e:f0:82:2b:4c:09,
7e:f0:82:2b:4c:09,
7e:f0:82:2b:4c:09,
7e:f0:82:2b:4c:09,
7e:f0:82:2b:4c:09,
7e:f0:82:2b:4c:09,
7e:f0:82:2b:4c:09,
7e:f0:82:2b:4c:09,
7e:f0:82:2b:4c:09,
7e:f0:82:2b:4c:09,
7e:f0:82:2b:4c:09,
7e:f0:82:2b:4c:09,
7e:f0:82:2b:4c:09,
7e:f0:82:2b:4c:09,
7e:f0:82:2b:4c:09,
7e:f0:82:2b:4c:09,
7e:f0:82:2b:4c:09,
7e:f0:82:2b:4c:09,
7e:f0:82:2b:4c:09,
7e:f0:82:2b:4c:09,
7e:f0:82:2b:4c:09,
7e:f0:82:2b:4c:09,
7e:f0:82:2b:4c:09,
7e:f0:82:2b:4c:09,
7e:f0:82:2b:4c:09,
7e:f0:82:2b:4c:09,
7e:f0:82:2b:4c:09,
7e:f0:82:2b:4c:09,
7e:f0:82:2b:4c:09,
7e:f0:82:2b:4c:09,
7e:f0:82:2b:4c:09,
7e:f0:82:2b:4c:09,
7e:f0:82:2b:4c:09,
7e:f0:82:2b:4c:09,
7e:f0:82:2b:4c:09,
7e:f0:82:2b:4c:09,
7e:f0:82:2b:4c:09,
7e:f0:82:2b:4c:09,
7e:f0:82:2b:4c:09,
7e:f0:82:2b:4c:09,
7e:f0:82:2b:4c:09,
7e:f0:82:2b:4c:09,
7e:f0:82:2b:4c:09,
7e:f0:82:2b:4c:09,
7e:f0:82:2b:4c:09,
7e:f0:82:2b:4c:09,
7e:f0:82:2b:4c:09,
7e:f0:82:2b:4c:09,
7e:f0:82:2b:4c:09,
7e:f0:82:2b:4c:09,
7e:f0:82:2b:4c:09,
7e:f0:82:2b:4c:09,
7e:f0:82:2b:4c:09,
7e:f0:82:2b:4c:09,
7e:f0:82:2b:4c:09,
7e:f0:82:2b:4c:09,
7e:f0:82:2b:4c:09,
7e:f0:82:2b:4c:09,
7e:f0:82:2b:4c:09,
7e:f0:82:2b:4c:09,
7e:f0:82:2b:4c:09,
7e:f0:82:2b:4c:09,
7e:f0:82:2b:4c:09,
7e:f0:82:2b:4c:09,
7e:f0:82:2b:4c:09,
7e:f0:82:2b:4c:09,
7e:f0:82:2b:4c:09,
7e:f0:82:2b:4c:09,
7e:f0:82:2b:4c:09,
7e:f0:82:2b:4c:09,
7e:f0:82:2b:4c:09,
7e:f0:82:2b:4c:09,
7e:f0:82:2b:4c:09,
7e:f0:82:2b:4c:09,
7e:f0:82:2b:4c:09,
7e:f0:82:2b:4c:09,
7e:f0:82:2b:4c:09,
7e:f0:82:2b:4c:09,
7e:f0:82:2b:4c:09,
7e:f0:82:2b:4c:09,
7e:f0:82:2b:4c:09,
7e:f0:82:2b:4c:09,
7e:f0:82:2b:4c:09,
7e:f0:82:2b:4c:09,
7e:f0:82:2b:4c:09,
7e:f0:82:2b:4c:09,
7e:f0:82:2b:4c:09,
7e:f0:82:2b:4c:09,
7e:f0:82:2b:4c:09,
7e:f0:82:2b:4c:09,
7e:f0:82:2b:4c:09,
7e:f0:82:2b:4c:09,
7e:f0:82:2b:4c:09,
7e:f0:82:2b:4c:09,
7e:f0:82:2b:4c:09,
7e:f0:82:2b:4c:09,
7e:f0:82:2b:4c:09,
7e:f0:82:2b:4c:09,
7e:f0:82:2b:4c:09,
7e:f0:82:2b:4c:09,
7e:f0:82:2b:4c:09,
7e:f0:82:2b:4c:09,
7e:f0:82:2b:4c:09,
7e:f0:82:2b:4c:09,
7e:f0:82:2b:4c:09,
7e:f0:82:2b:4c:09,
7e:f0:82:2b:4c:09,
7e:f0:82:2b:4c:09,
7e:f0:82:2b:4c:09,
7e:f0:82:2b:4c:09,
7e:f0:82:2b:4c:09,
7e:f0:82:2b:4c:09,
7e:f0:82:2b:4c:09,
7e:f0:82:2b:4c:09,
7e:f0:82:2b:4c:09,
7e:f0:82:2b:4c:09,
7e:f0:82:2b:4c:09,
7e:f0:82:2b:4c:09,
7e:f0:82:2b:4c:09,
7e:f0:82:2b:4c:09,
7e:f0:82:2b:4c:09,
7e:f0:82:2b:4c:09,
7e:f0:82:2b:4c:09,
7e:f0:82:2b:4c:09,
7e:f0:82:2b:4c:09,
7e:f0:82:2b:4c:09,
7e:f0:82:2b:4c:09,
7e:f0:82:2b:4c:09,
7e:f0:82:2b:4c:09,
7e:f0:82:2b:4c:09,
7e:f0:82:2b:4c:09,
7e:f0:82:2b:4c:09,
7e:f0:82:2b:4c:09,
7e:f0:82:2b:4c:09,
7e:f0:82:2b:4c:09,
7e:f0:82:2b:4c:09,
7e:f0:82:2b:4c:09,
7e:f0:82:2b:4c:09,
7e:f0:82:2b:4c:09,
7e:f0:82:2b:4c:09,
7e:f0:82:2b:4c:09,
7e:f0:82:2b:4c:09,
7e:f0:82:2b:4c:09,
7e:f0:82:2b:4c:09,
7e:f0:82:2b:4c:09,
7e:f0:82:2b:4c:09,
7e:f0:82:2b:4c:09,
7e:f0:82:2b:4c:09,
7e:f0:82:2b:4c:09,
7e:f0:82:2b:4c:09,
7e:f0:82:2b:4c:09,
7e:f0:82:2b:4c:09,
7e:f0:82:2b:4c:09,
7e:f0:82:2b:4c:09,
7e:f0:82:2b:4c:09,
7e:f0:82:2b:4c:09,
7e:f0:82:2b:4c:09,
7e:f0:82:2b:4c:09,
7e:f0:82:2b:4c:09,
7e:f0:82:2b:4c:09,
7e:f0:82:2b:4c:09,
7e:f0:82:2b:4c:09,
7e:f0:82:2b:4c:09,
7e:f0:82:2b:4c:09,
7e:f0:82:2b:4c:09,
7e:f0:82:2b:4c:09,
7e:f0:82:2b:4c:09,
7e:f0:82:2b:4c:09,
7e:f0:82:2b:4c:09,
7e:f0:82:2b:4c:09,
7e:f0:82:2b:4c:09,
7e:f0:82:2b:4c:09,
7e:f0:82:2b:4c:09,
7e:f0:82:2b:4c:09,
7e:f0:82:2b:4c:09,
7e:f0:82:2b:4c:09,
7e:f0:82:2b:4c:09,
7e:f0:82:2b:4c:09,
7e:f0:82:2b:4c:09,
7e:f0:82:2b:4c:09,
7e:f0:82:2b:4c:09,
7e:f0:82:2b:4c:09,
7e:f0:82:2b:4c:09,
7e:f0:82:2b:4c:09,
7e:f0:82:2b:4c:09,
7e:f0:82:2b:4c:09,
7e:f0:82:2b:4c:09,
7e:f0:82:2b:4c:09,
7e:f0:82:2b:4c:09,
7e:f0:82:2b:4c:09,
7e:f0:82:2b:4c:09,
7e:f0:82:2b:4c:09,
7e:f0:82:2b:4c:09,
7e:f0:82:2b:4c:09,
7e:f0:82:2b:4c:09,
7e:f0:82:2b:4c:09,
7e:f0:82:2b:4c:09,
7e:f0:82:2b:4c:09,
7e:f0:82:2b:4c:09,
7e:f0:82:2b:4c:09,
7e:f0:82:2b:4c:09,
7e:f0:82:2b:4c:09,
7e:f0:82:2b:4c:09,
7e:f0:82:2b:4c:09,
7e:f0:82:2b:4c:09,
7e:f0:82:2b:4c:09,
7e:f0:82:2b:4c:09,
7e:f0:82:2b:4c:09,
7e:f0:82:2b:4c:09,
7e:f0:82:2b:4c:09,
7e:f0:82:2b:4c:09,
7e:f0:82:2b:4c:09,
7e:f0:82:2b:4c:09,
7e:f0:82:2b:4c:09,
7e:f0:82:2b:4c:09,
7e:f0:82:2b:4c:09,
7e:f0:82:2b:4c:09,
7e:f0:82:2b:4c:09,
7e:f0:82:2b:4c:09,
7e:f0:82:2b:4c:09,
7e:f0:82:2b:4c:09,
7e:f0:82:2b:4c:09,
7e:f0:82:2b:4c:09,
7e:f0:82:2b:4c:09,
7e:f0:82:2b:4c:09,
7e:f0:82:2b:4c:09,
7e:f0:82:2b:4c:09,
7e:f0:82:2b:4c:09,
7e:f0:82:2b:4c:09,
7e:f0:82:2b:4c:09,
7e:f0:82:2b:4c:09,
7e:f0:82:2b:4c:09,
7e:f0:82:2b:4c:09,
7e:f0:82:2b:4c:09,
7e:f0:82:2b:4c:09,
7e:f0:82:2b:4c:09,
7e:f0:82:2b:4c:09,
7e:f0:82:2b:4c:09,
7e:f0:82:2b:4c:09,
7e:f0:82:2b:4c:09,
7e:f0:82:2b:4c:09,
7e:f0:82:2b:4c:09,
7e:f0:82:2b:4c:09,
7e:f0:82:2b:4c:09,
7e:f0:82:2b:4c:09,
7e:f0:82:2b:4c:09,
7e:f0:82:2b:4c:09,
7e:f0:82:2b:4c:09,
7e:f0:82:2b:4c:09,
7e:f0:82:2b:4c:09,
7e:f0:82:2b:4c:09,
7e:f0:82:2b:4c:09,
7e:f0:82:2b:4c:09,
7e:f0:82:2b:4c:09,
7e:f0:82:2b:4c:09,
7e:f0:82:2b:4c:09,
7e:f0:82:2b:4c:09,
7e:f0:82:2b:4c:09,
7e:f0:82:2b:4c:09,
7e:f0:82:2b:4c:09,
7e:f0:82:2b:4c:09,
7e:f0:82:2b:4c:09,
7e:f0:82:2b:4c:09,
7e:f0:82:2b:4c:09,
7e:f0:82:2b:4c:09,
7e:f0:82:2b:4c:09,
7e:f0:82:2b:4c:09,
7e:f0:82:2b:4c:09,
7e:f0:82:2b:4c:09,
7e:f0:82:2b:4c:09,
7e:f0:82:2b:4c:09,
7e:f0:82:2b:4c:09,
7e:f0:82:2b:4c:09,
7e:f0:82:2b:4c:09,
7e:f0:82:2b:4c:09,
7e:f0:82:2b:4c:09,
7e:f0:82:2b:4c:09,
7e:f0:82:2b:4c:09,
7e:f0:82:2b:4c:09,
7e:f0:82:2b:4c:09,
7e:f0:82:2b:4c:09,
7e:f0:82:2b:4c:09,
7e:f0:82:2b:4c:09,
7e:f0:82:2b:4c:09,
7e:f0:82:2b:4c:09,
7e:f0:82:2b:4c:09,
7e:f0:82:2b:4c:09,
7e:f0:82:2b:4c:09,
7e:f0:82:2b:4c:09,
7e:f0:82:2b:4c:09,
7e:f0:82:2b:4c:09,
7e:f0:82:2b:4c:09,
7e:f0:82:2b:4c:09,
7e:f0:82:2b:4c:09,
7e:f0:82:2b:4c:09,
7e:f0:82:2b:4c:09,
7e:f0:82:2b:4c:09,
7e:f0:82:2b:4c:09,
7e:f0:82:2b:4c:09,
7e:f0:82:2b:4c:09,
7e:f0:82:2b:4c:09,
7e:f0:82:2b:4c:09,
7e:f0:82:2b:4c:09,
7e:f0:82:2b:4c:09,
7e:f0:82:2b:4c:09,
7e:f0:82:2b:4c:09,
7e:f0:82:2b:4c:09,
7e:f0:82:2b:4c:09,
7e:f0:82:2b:4c:09,
7e:f0:82:2b:4c:09,
7e:f0:82:2b:4c:09,
7e:f0:82:2b:4c:09,
7e:f0:82:2b:4c:09,
7e:f0:82:2b:4c:09,
7e:f0:82:2b:4c:09,
7e:f0:82:2b:4c:09,
7e:f0:82:2b:4c:09,
7e:f0:82:2b:4c:09,
7e:f0:82:2b:4c:09,
7e:f0:82:2b:4c:09,
7e:f0:82:2b:4c:09,
7e:f0:82:2b:4c:09,
7e:f0:82:2b:4c:09,
7e:f0:82:2b:4c:09,
7e:f0:82:2b:4c:09,
7e:f0:82:2b:4c:09,
7e:f0:82:2b:4c:09,
7e:f0:82:2b:4c:09,
7e:f0:82:2b:4c:09,
7e:f0:82:2b:4c:09,
7e:f0:82:2b:4c:09,
7e:f0:82:2b:4c:09,
7e:f0:82:2b:4c:09,
7e:f0:82:2b:4c:09,
7e:f0:82:2b:4c:09,
7e:f0:82:2b:4c:09,
7e:f0:82:2b:4c:09,
7e:f0:82:2b:4c:09,
7e:f0:82:2b:4c:09,
7e:f0:82:2b:4c:09,
7e:f0:82:2b:4c:09,
7e:f0:82:2b:4c:09,
7e:f0:82:2b:4c:09,
7e:f0:82:2b:4c:09,
7e:f0:82:2b:4c:09,
7e:f0:82:2b:4c:09,
7e:f0:82:2b:4c:09,
7e:f0:82:2b:4c:09,
7e:f0:82:2b:4c:09,
7e:f0:82:2b:4c:09,
7e:f0:82:2b:4c:09,
7e:f0:82:2b:4c:09,
7e:f0:82:2b:4c:09,
7e:f0:82:2b:4c:09,
7e:f0:82:2b:4c:09,
7e:f0:82:2b:4c:09,
7e:f0:82:2b:4c:09,
7e:f0:82:2b:4c:09,
7e:f0:82:2b:4c:09,
7e:f0:82:2b:4c:09,
7e:f0:82:2b:4c:09,
7e:f0:82:2b:4c:09,
7e:f0:82:2b:4c:09,
7e:f0:82:2b:4c:09,
7e:f0:82:2b:4c:09,
7e:f0:82:2b:4c:09,
7e:f0:82:2b:4c:09,
7e:f0:82:2b:4c:09,
7e:f0:82:2b:4c:09,
7e:f0:82:2b:4c:09,
7e:f0:82:2b:4c:09,
7e:f0:82:2b:4c:09,
7e:f0:82:2b:4c:09,
7e:f0:82:2b:4c:09,
7e:f0:82:2b:4c:09,
7e:f0:82:2b:4c:09,
7e:f0:82:2b:4c:09,
7e:f0:82:2b:4c:09,
7e:f0:82:2b:4c:09,
7e:f0:82:2b:4c:09,
7e:f0:82:2b:4c:09,
7e:f0:82:2b:4c:09,
7e:f0:82:2b:4c:09,
7e:f0:82:2b:4c:09,
7e:f0:82:2b:4c:09,
7e:f0:82:2b:4c:09,
7e:f0:82:2b:4c:09,
7e:f0:82:2b:4c:09,
7e:f0:82:2b:4c:09,
7e:f0:82:2b:4c:09,
7e:f0:82:2b:4c:09,
7e:f0:82:2b:4c:09,
7e:f0:82:2b:4c:09,
7e:f0:82:2b:4c:09,
7e:f0:82:2b:4c:09,
7e:f0:82:2b:4c:09,
7e:f0:82:2b:4c:09,
7e:f0:82:2b:4c:09,
7e:f0:82:2b:4c:09,
7e:f0:82:2b:4c:09,
7e:f0:82:2b:4c:09,
7e:f0:82:2b:4c:09,
7e:f0:82:2b:4c:09,
7e:f0:82:2b:4c:09,
7e:f0:82:2b:4c:09,
7e:f0:82:2b:4c:09,
7e:f0:82:2b:4c:09,
7e:f0:82:2b:4c:09,
7e:f0:82:2b:4c:09,
7e:f0:82:2b:4c:09,
7e:f0:82:2b:4c:09,
7e:f0:82:2b:4c:09,
7e:f0:82:2b:4c:09,
7e:f0:82:2b:4c:09,
7e:f0:82:2b:4c:09,
7e:f0:82:2b:4c:09,
7e:f0:82:2b:4c:09,
7e:f0:82:2b:4c:09,
7e:f0:82:2b:4c:09,
7e:f0:82:2b:4c:09,
7e:f0:82:2b:4c:09,
7e:f0:82:2b:4c:09,
7e:f0:82:2b:4c:09,
7e:f0:82:2b:4c:09,
7e:f0:82:2b:4c:09,
7e:f0:82:2b:4c:09,
7e:f0:82:2b:4c:09,
7e:f0:82:2b:4c:09,
7e:f0:82:2b:4c:09,
7e:f0:82:2b:4c:09,
7e:f0:82:2b:4c:09,
7e:f0:82:2b:4c:09,
7e:f0:82:2b:4c:09,
7e:f0:82:2b:4c:09,
7e:f0:82:2b:4c:09,
7e:f0:82:2b:4c:09,
7e:f0:82:2b:4c:09,
7e:f0:82:2b:4c:09,
7e:f0:82:2b:4c:09,
7e:f0:82:2b:4c:09,
7e:f0:82:2b:4c:09,
7e:f0:82:2b:4c:09,
7e:f0:82:2b:4c:09,
7e:f0:82:2b:4c:09,
7e:f0:82:2b:4c:09,
7e:f0:82:2b:4c:09,
7e:f0:82:2b:4c:09,
7e:f0:82:2b:4c:09,
7e:f0:82:2b:4c:09,
7e:f0:82:2b:4c:09,
7e:f0:82:2b:4c:09,
7e:f0:82:2b:4c:09,
7e:f0:82:2b:4c:09,
7e:f0:82:2b:4c:09,
7e:f0:82:2b:4c:09,
7e:f0:82:2b:4c:09,
7e:f0:82:2b:4c:09,
7e:f0:82:2b:4c:09,
7e:f0:82:2b:4c:09,
7e:f0:82:2b:4c:09,
7e:f0:82:2b:4c:09,
7e:f0:82:2b:4c:09,
7e:f0:82:2b:4c:09,
7e:f0:82:2b:4c:09,
7e:f0:82:2b:4c:09,
7e:f0:82:2b:4c:09,
7e:f0:82:2b:4c:09,
7e:f0:82:2b:4c:09,
7e:f0:82:2b:4c:09,
7e:f0:82:2b:4c:09,
7e:f0:82:2b:4c:09,
7e:f0:82:2b:4c:09,
7e:f0:82:2b:4c:09,
7e:f0:82:2b:4c:09,
7e:f0:82:2b:4c:09,
7e:f0:82:2b:4c:09,
7e:f0:82:2b:4c:09,
7e:f0:82:2b:4c:09,
7e:f0:82:2b:4c:09,
7e:f0:82:2b:4c:09,
7e:f0:82:2b:4c:09,
7e:f0:82:2b:4c:09,
7e:f0:82:2b:4c:09,
7e:f0:82:2b:4c:09,
7e:f0:82:2b:4c:09,
7e:f0:82:2b:4c:09,
7e:f0:82:2b:4c:09,
7e:f0:82:2b:4c:09,
7e:f0:82:2b:4c:09,
7e:f0:82:2b:4c:09,
7e:f0:82:2b:4c:09,
7e:f0:82:2b:4c:09,
7e:f0:82:2b:4c:09,
7e:f0:82:2b:4c:09,
7e:f0:82:2b:4c:09,
7e:f0:82:2b:4c:09,
7e:f0:82:2b:4c:09,
7e:f0:82:2b:4c:09,
7e:f0:82:2b:4c:09,
7e:f0:82:2b:4c:09,
7e:f0:82:2b:4c:09,
7e:f0:82:2b:4c:09,
7e:f0:82:2b:4c:09,
7e:f0:82:2b:4c:09,
7e:f0:82:2b:4c:09,
7e:f0:82:2b:4c:09,
7e:f0:82:2b:4c:09,
7e:f0:82:2b:4c:09,
7e:f0:82:2b:4c:09,
7e:f0:82:2b:4c:09,
7e:f0:82:2b:4c:09,
7e:f0:82:2b:4c:09,
7e:f0:82:2b:4c:09,
7e:f0:82:2b:4c:09,
7e:f0:82:2b:4c:09,
7e:f0:82:2b:4c:09,
7e:f0:82:2b:4c:09,
7e:f0:82:2b:4c:09,
7e:f0:82:2b:4c:09,
7e:f0:82:2b:4c:09,
7e:f0:82:2b:4c:09,
7e:f0:82:2b:4c:09,
7e:f0:82:2b:4c:09,
7e:f0:82:2b:4c:09,
7e:f0:82:2b:4c:09,
7e:f0:82:2b:4c:09,
7e:f0:82:2b:4c:09,
7e:f0:82:2b:4c:09,
7e:f0:82:2b:4c:09,
7e:f0:82:2b:4c:09,
7e:f0:82:2b:4c:09,
7e:f0:82:2b:4c:09,
7e:f0:82:2b:4c:09,
7e:f0:82:2b:4c:09,
7e:f0:82:2b:4c:09,
7e:f0:82:2b:4c:09,
7e:f0:82:2b:4c:09,
7e:f0:82:2b:4c:09,
7e:f0:82:2b:4c:09,
7e:f0:82:2b:4c:09,
7e:f0:82:2b:4c:09,
7e:f0:82:2b:4c:09,
7e:f0:82:2b:4c:09,
7e:f0:82:2b:4c:09,
7e:f0:82:2b:4c:09,
7e:f0:82:2b:4c:09,
7e:f0:82:2b:4c:09,
7e:f0:82:2b:4c:09,
7e:f0:82:2b:4c:09,
7e:f0:82:2b:4c:09,
7e:f0:82:2b:4c:09,
7e:f0:82:2b:4c:09,
7e:f0:82:2b:4c:09,
7e:f0:82:2b:4c:09,
7e:f0:82:2b:4c:09,
7e:f0:82:2b:4c:09,
7e:f0:82:2b:4c:09,
7e:f0:82:2b:4c:09,
7e:f0:82:2b:4c:09,
7e:f0:82:2b:4c:09,
7e:f0:82:2b:4c:09,
7e:f0:82:2b:4c:09,
7e:f0:82:2b:4c:09,
7e:f0:82:2b:4c:09,
7e:f0:82:2b:4c:09,
7e:f0:82:2b:4c:09,
7e:f0:82:2b:4c:09,
7e:f0:82:2b:4c:09,
7e:f0:82:2b:4c:09,
7e:f0:82:2b:4c:09,
7e:f0:82:2b:4c:09,
7e:f0:82:2b:4c:09,
7e:f0:82:2b:4c:09,
7e:f0:82:2b:4c:09,
7e:f0:82:2b:4c:09,
7e:f0:82:2b:4c:09,
7e:f0:82:2b:4c:09,
7e:f0:82:2b:4c:09,
7e:f0:82:2b:4c:09,
7e:f0:82:2b:4c:09,
7e:f0:82:2b:4c:09,
7e:f0:82:2b:4c:09,
7e:f0:82:2b:4c:09,
7e:f0:82:2b:4c:09,
7e:f0:82:2b:4c:09,
7e:f0:82:2b:4c:09,
7e:f0:82:2b:4c:09,
7e:f0:82:2b:4c:09,
7e:f0:82:2b:4c:09,
7e:f0:82:2b:4c:09,
7e:f0:82:2b:4c:09,
7e:f0:82:2b:4c:09,
7e:f0:82:2b:4c:09,
7e:f0:82:2b:4c:09,
7e:f0:82:2b:4c:09,
7e:f0:82:2b:4c:09,
7e:f0:82:2b:4c:09,
7e:f0:82:2b:4c:09,
7e:f0:82:2b:4c:09,
7e:f0:82:2b:4c:09,
7e:f0:82:2b:4c:09,
7e:f0:82:2b:4c:09,
7e:f0:82:2b:4c:09,
7e:f0:82:2b:4c:09,
7e:f0:82:2b:4c:09,
7e:f0:82:2b:4c:09,
7e:f0:82:2b:4c:09,
7e:f0:82:2b:4c:09,
7e:f0:82:2b:4c:09,
7e:f0:82:2b:4c:09,
7e:f0:82:2b:4c:09,
7e:f0:82:2b:4c:09,
7e:f0:82:2b:4c:09,
7e:f0:82:2b:4c:09,
7e:f0:82:2b:4c:09,
7e:f0:82:2b:4c:09,
7e:f0:82:2b:4c:09,
7e:f0:82:2b:4c:09,
7e:f0:82:2b:4c:09,
7e:f0:82:2b:4c:09,
7e:f0:82:2b:4c:09,
7e:f0:82:2b:4c:09,
7e:f0:82:2b:4c:09,
7e:f0:82:2b:4c:09,
7e:f0:82:2b:4c:09,
7e:f0:82:2b:4c:09,
7e:f0:82:2b:4c:09,
7e:f0:82:2b:4c:09,
7e:f0:82:2b:4c:09,
7e:f0:82:2b:4c:09,
7e:f0:82:2b:4c:09,
7e:f0:82:2b:4c:09,
7e:f0:82:2b:4c:09,
7e:f0:82:2b:4c:09,
7e:f0:82:2b:4c:09,
7e:f0:82:2b:4c:09,
7e:f0:82:2b:4c:09,
7e:f0:82:2b:4c:09,
7e:f0:82:2b:4c:09,
7e:f0:82:2b:4c:09,
7e:f0:82:2b:4c:09,
7e:f0:82:2b:4c:09,
7e:f0:82:2b:4c:09,
7e:f0:82:2b:4c:09,
7e:f0:82:2b:4c:09,
7e:f0:82:2b:4c:09,
7e:f0:82:2b:4c:09,
7e:f0:82:2b:4c:09,
7e:f0:82:2b:4c:09,
7e:f0:82:2b:4c:09,
7e:f0:82:2b:4c:09,
7e:f0:82:2b:4c:09,
7e:f0:82:2b:4c:09,
7e:f0:82:2b:4c:09,
7e:f0:82:2b:4c:09,
7e:f0:82:2b:4c:09,
7e:f0:82:2b:4c:09,
7e:f0:82:2b:4c:09,
7e:f0:82:2b:4c:09,
7e:f0:82:2b:4c:09,
7e:f0:82:2b:4c:09,
7e:f0:82:2b:4c:09,
7e:f0:82:2b:4c:09,
7e:f0:82:2b:4c:09,
7e:f0:82:2b:4c:09,
7e:f0:82:2b:4c:09,
7e:f0:82:2b:4c:09,
7e:f0:82:2b:4c:09,
7e:f0:82:2b:4c:09,
7e:f0:82:2b:4c:09,
7e:f0:82:2b:4c:09,
7e:f0:82:2b:4c:09,
7e:f0:82:2b:4c:09,
7e:f0:82:2b:4c:09,
7e:f0:82:2b:4c:09,
7e:f0:82:2b:4c:09,
7e:f0:82:2b:4c:09,
7e:f0:82:2b:4c:09,
7e:f0:82:2b:4c:09,
7e:f0:82:2b:4c:09,
7e:f0:82:2b:4c:09,
7e:f0:82:2b:4c:09,
7e:f0:82:2b:4c:09,
7e:f0:82:2b:4c:09,
7e:f0:82:2b:4c:09,
7e:f0:82:2b:4c:09,
7e:f0:82:2b:4c:09,
7e:f0:82:2b:4c:09,
7e:f0:82:2b:4c:09,
7e:f0:82:2b:4c:09,
7e:f0:82:2b:4c:09,
7e:f0:82:2b:4c:09,
7e:f0:82:2b:4c:09,
7e:f0:82:2b:4c:09,
7e:f0:82:2b:4c:09,
7e:f0:82:2b:4c:09,
7e:f0:82:2b:4c:09,
7e:f0:82:2b:4c:09,
7e:f0:82:2b:4c:09,
7e:f0:82:2b:4c:09,
7e:f0:82:2b:4c:09,
7e:f0:82:2b:4c:09,
7e:f0:82:2b:4c:09,
7e:f0:82:2b:4c:09,
7e:f0:82:2b:4c:09,
7e:f0:82:2b:4c:09,
7e:f0:82:2b:4c:09,
7e:f0:82:2b:4c:09,
7e:f0:82:2b:4c:09,
7e:f0:82:2b:4c:09,
7e:f0:82:2b:4c:09,
7e:f0:82:2b:4c:09,
7e:f0:82:2b:4c:09,
7e:f0:82:2b:4c:09,
7e:f0:82:2b:4c:09,
7e:f0:82:2b:4c:09,
7e:f0:82:2b:4c:09,
7e:f0:82:2b:4c:09,
7e:f0:82:2b:4c:09,
7e:f0:82:2b:4c:09,
7e:f0:82:2b:4c:09,
7e:f0:82:2b:4c:09,
7e:f0:82:2b:4c:09,
7e:f0:82:2b:4c:09,
7e:f0:82:2b:4c:09,
7e:f0:82:2b:4c:09,
7e:f0:82:2b:4c:09,
7e:f0:82:2b:4c:09,
7e:f0:82:2b:4c:09,
7e:f0:82:2b:4c:09,
7e:f0:82:2b:4c:09,
7e:f0:82:2b:4c:09,
7e:f0:82:2b:4c:09,
7e:f0:82:2b:4c:09,
7e:f0:82:2b:4c:09,
7e:f0:82:2b:4c:09,
7e:f0:82:2b:4c:09,
7e:f0:82:2b:4c:09,
7e:f0:82:2b:4c:09,
7e:f0:82:2b:4c:09,
7e:f0:82:2b:4c:09,
7e:f0:82:2b:4c:09,
7e:f0:82:2b:4c:09,
7e:f0:82:2b:4c:09,
7e:f0:82:2b:4c:09,
7e:f0:82:2b:4c:09,
7e:f0:82:2b:4c:09,
7e:f0:82:2b:4c:09,
7e:f0:82:2b:4c:09,
7e:f0:82:2b:4c:09,
7e:f0:82:2b:4c:09,
7e:f0:82:2b:4c:09,
7e:f0:82:2b:4c:09,
7e:f0:82:2b:4c:09,
7e:f0:82:2b:4c:09,
7e:f0:82:2b:4c:09,
7e:f0:82:2b:4c:09,
7e:f0:82:2b:4c:09,
7e:f0:82:2b:4c:09,
7e:f0:82:2b:4c:09,
7e:f0:82:2b:4c:09,
7e:f0:82:2b:4c:09,
7e:f0:82:2b:4c:09,
7e:f0:82:2b:4c:09,
7e:f0:82:2b:4c:09,
7e:f0:82:2b:4c:09,
7e:f0:82:2b:4c:09,
7e:f0:82:2b:4c:09,
7e:f0:82:2b:4c:09,
7e:f0:82:2b:4c:09,
7e:f0:82:2b:4c:09,
7e:f0:82:2b:4c:09,
7e:f0:82:2b:4c:09,
7e:f0:82:2b:4c:09,
7e:f0:82:2b:4c:09,
7e:f0:82:2b:4c:09,
7e:f0:82:2b:4c:09,
7e:f0:82:2b:4c:09,
7e:f0:82:2b:4c:09,
7e:f0:82:2b:4c:09,
7e:f0:82:2b:4c:09,
7e:f0:82:2b:4c:09,
7e:f0:82:2b:4c:09,
7e:f0:82:2b:4c:09,
7e:f0:82:2b:4c:09,
7e:f0:82:2b:4c:09,
7e:f0:82:2b:4c:09,
7e:f0:82:2b:4c:09,
7e:f0:82:2b:4c:09,
7e:f0:82:2b:4c:09,
7e:f0:82:2b:4c:09,
7e:f0:82:2b:4c:09,
7e:f0:82:2b:4c:09,
7e:f0:82:2b:4c:09,
7e:f0:82:2b:4c:09,
7e:f0:82:2b:4c:09,
7e:f0:82:2b:4c:09,
7e:f0:82:2b:4c:09,
7e:f0:82:2b:4c:09,
7e:f0:82:2b:4c:09,
7e:f0:82:2b:4c:09,
7e:f0:82:2b:4c:09,
7e:f0:82:2b:4c:09,
7e:f0:82:2b:4c:09,
7e:f0:82:2b:4c:09,
7e:f0:82:2b:4c:09,
7e:f0:82:2b:4c:09,
7e:f0:82:2b:4c:09,
7e:f0:82:2b:4c:09,
7e:f0:82:2b:4c:09,
7e:f0:82:2b:4c:09,
7e:f0:82:2b:4c:09,
7e:f0:82:2b:4c:09,
7e:f0:82:2b:4c:09,
7e:f0:82:2b:4c:09,
7e:f0:82:2b:4c:09,
7e:f0:82:2b:4c:09,
7e:f0:82:2b:4c:09,
7e:f0:82:2b:4c:09,
7e:f0:82:2b:4c:09,
7e:f0:82:2b:4c:09,
7e:f0:82:2b:4c:09,
7e:f0:82:2b:4c:09,
7e:f0:82:2b:4c:09,
7e:f0:82:2b:4c:09,
7e:f0:82:2b:4c:09,
7e:f0:82:2b:4c:09,
7e:f0:82:2b:4c:09,
7e:f0:82:2b:4c:09,
7e:f0:82:2b:4c:09,
7e:f0:82:2b:4c:09,
7e:f0:82:2b:4c:09,
7e:f0:82:2b:4c:09,
7e:f0:82:2b:4c:09,
7e:f0:82:2b:4c:09,
7e:f0:82:2b:4c:09,
7e:f0:82:2b:4c:09,
7e:f0:82:2b:4c:09,
7e:f0:82:2b:4c:09,
7e:f0:82:2b:4c:09,
7e:f0:82:2b:4c:09,
7e:f0:82:2b:4c:09,
7e:f0:82:2b:4c:09,
7e:f0:82:2b:4c:09,
7e:f0:82:2b:4c:09,
7e:f0:82:2b:4c:09,
7e:f0:82:2b:4c:09,
7e:f0:82:2b:4c:09,
7e:f0:82:2b:4c:09,
7e:f0:82:2b:4c:09,
7e:f0:82:2b:4c:09,
7e:f0:82:2b:4c:09,
7e:f0:82:2b:4c:09,
7e:f0:82:2b:4c:09,
7e:f0:82:2b:4c:09,
7e:f0:82:2b:4c:09,
7e:f0:82:2b:4c:09,
7e:f0:82:2b:4c:09,
7e:f0:82:2b:4c:09,
7e:f0:82:2b:4c:09,
7e:f0:82:2b:4c:09,
7e:f0:82:2b:4c:09,
7e:f0:82:2b:4c:09,
7e:f0:82:2b:4c:09,
7e:f0:82:2b:4c:09,
7e:f0:82:2b:4c:09,
7e:f0:82:2b:4c:09,
7e:f0:82:2b:4c:09,
7e:f0:82:2b:4c:09,
7e:f0:82:2b:4c:09,
7e:f0:82:2b:4c:09,
7e:f0:82:2b:4c:09,
7e:f0:82:2b:4c:09,
7e:f0:82:2b:4c:09,
7e:f0:82:2b:4c:09,
7e:f0:82:2b:4c:09,
7e:f0:82:2b:4c:09,
7e:f0:82:2b:4c:09,
7e:f0:82:2b:4c:09,
7e:f0:82:2b:4c:09,
7e:f0:82:2b:4c:09,
7e:f0:82:2b:4c:09,
7e:f0:82:2b:4c:09,
7e:f0:82:2b:4c:09,
7e:f0:82:2b:4c:09,
7e:f0:82:2b:4c:09,
7e:f0:82:2b:4c:09,
7e:f0:82:2b:4c:09,
7e:f0:82:2b:4c:09,
7e:f0:82:2b:4c:09,
7e:f0:82:2b:4c:09,
7e:f0:82:2b:4c:09,
7e:f0:82:2b:4c:09,
7e:f0:82:2b:4c:09,
7e:f0:82:2b:4c:09,
7e:f0:82:2b:4c:09,
7e:f0:82:2b:4c:09,
7e:f0:82:2b:4c:09,
7e:f0:82:2b:4c:09,
7e:f0:82:2b:4c:09,
7e:f0:82:2b:4c:09,
7e:f0:82:2b:4c:09,
7e:f0:82:2b:4c:09,
7e:f0:82:2b:4c:09,
7e:f0:82:2b:4c:09,
7e:f0:82:2b:4c:09,
7e:f0:82:2b:4c:09,
7e:f0:82:2b:4c:09,
7e:f0:82:2b:4c:09,
7e:f0:82:2b:4c:09,
7e:f0:82:2b:4c:09,
7e:f0:82:2b:4c:09,
7e:f0:82:2b:4c:09,
7e:f0:82:2b:4c:09,
7e:f0:82:2b:4c:09,
7e:f0:82:2b:4c:09,
7e:f0:82:2b:4c:09,
7e:f0:82:2b:4c:09,
7e:f0:82:2b:4c:09,
7e:f0:82:2b:4c:09,
7e:f0:82:2b:4c:09,
7e:f0:82:2b:4c:09,
7e:f0:82:2b:4c:09,
7e:f0:82:2b:4c:09,
7e:f0:82:2b:4c:09,
7e:f0:82:2b:4c:09,
7e:f0:82:2b:4c:09,
7e:f0:82:2b:4c:09,
7e:f0:82:2b:4c:09,
7e:f0:82:2b:4c:09,
7e:f0:82:2b:4c:09,
7e:f0:82:2b:4c:09,
7e:f0:82:2b:4c:09,
7e:f0:82:2b:4c:09,
7e:f0:82:2b:4c:09,
7e:f0:82:2b:4c:09,
7e:f0:82:2b:4c:09,
7e:f0:82:2b:4c:09,
7e:f0:82:2b:4c:09,
7e:f0:82:2b:4c:09,
7e:f0:82:2b:4c:09,
7e:f0:82:2b:4c:09,
7e:f0:82:2b:4c:09,
7e:f0:82:2b:4c:09,
7e:f0:82:2b:4c:09,
7e:f0:82:2b:4c:09,
7e:f0:82:2b:4c:09,
7e:f0:82:2b:4c:09,
7e:f0:82:2b:4c:09,
7e:f0:82:2b:4c:09,
7e:f0:82:2b:4c:09,
7e:f0:82:2b:4c:09,
7e:f0:82:2b:4c:09,
7e:f0:82:2b:4c:09,
7e:f0:82:2b:4c:09,
7e:f0:82:2b:4c:09,
7e:f0:82:2b:4c:09,
7e:f0:82:2b:4c:09,
7e:f0:82:2b:4c:09,
7e:f0:82:2b:4c:09,
7e:f0:82:2b:4c:09,
7e:f0:82:2b:4c:09,
7e:f0:82:2b:4c:09,
7e:f0:82:2b:4c:09,
7e:f0:82:2b:4c:09,
7e:f0:82:2b:4c:09,
7e:f0:82:2b:4c:09,
7e:f0:82:2b:4c:09,
7e:f0:82:2b:4c:09,
7e:f0:82:2b:4c:09,
7e:f0:82:2b:4c:09,
7e:f0:82:2b:4c:09,
7e:f0:82:2b:4c:09,
7e:f0:82:2b:4c:09,
7e:f0:82:2b:4c:09,
7e:f0:82:2b:4c:09,
7e:f0:82:2b:4c:09,
7e:f0:82:2b:4c:09,
7e:f0:82:2b:4c:09,
7e:f0:82:2b:4c:09,
7e:f0:82:2b:4c:09,
7e:f0:82:2b:4c:09,
7e:f0:82:2b:4c:09,
7e:f0:82:2b:4c:09,
7e:f0:82:2b:4c:09,
7e:f0:82:2b:4c:09,
7e:f0:82:2b:4c:09,
7e:f0:82:2b:4c:09,
7e:f0:82:2b:4c:09,
7e:f0:82:2b:4c:09,
7e:f0:82:2b:4c:09,
7e:f0:82:2b:4c:09,
7e:f0:82:2b:4c:09,
7e:f0:82:2b:4c:09,
7e:f0:82:2b:4c:09,
7e:f0:82:2b:4c:09,
7e:f0:82:2b:4c:09,
7e:f0:82:2b:4c:09,
7e:f0:82:2b:4c:09,
7e:f0:82:2b:4c:09,
7e:f0:82:2b:4c:09,
7e:f0:82:2b:4c:09,
7e:f0:82:2b:4c:09,
7e:f0:82:2b:4c:09,
7e:f0:82:2b:4c:09,
7e:f0:82:2b:4c:09,
7e:f0:82:2b:4c:09,
7e:f0:82:2b:4c:09,
7e:f0:82:2b:4c:09,
7e:f0:82:2b:4c:09,
7e:f0:82:2b:4c:09,
7e:f0:82:2b:4c:09,
7e:f0:82:2b:4c:09,
7e:f0:82:2b:4c:09,
7e:f0:82:2b:4c:09,
7e:f0:82:2b:4c:09,
7e:f0:82:2b:4c:09,
7e:f0:82:2b:4c:09,
7e:f0:82:2b:4c:09,
7e:f0:82:2b:4c:09,
7e:f0:82:2b:4c:09,
7e:f0:82:2b:4c:09,
7e:f0:82:2b:4c:09,
7e:f0:82:2b:4c:09,
7e:f0:82:2b:4c:09,
7e:f0:82:2b:4c:09,
7e:f0:82:2b:4c:09,
7e:f0:82:2b:4c:09,
7e:f0:82:2b:4c:09,
7e:f0:82:2b:4c:09,
7e:f0:82:2b:4c:09,
7e:f0:82:2b:4c:09,
7e:f0:82:2b:4c:09,
7e:f0:82:2b:4c:09,
7e:f0:82:2b:4c:09,
7e:f0:82:2b:4c:09,
7e:f0:82:2b:4c:09,
7e:f0:82:2b:4c:09,
7e:f0:82:2b:4c:09,
7e:f0:82:2b:4c:09,
7e:f0:82:2b:4c:09,
7e:f0:82:2b:4c:09,
7e:f0:82:2b:4c:09,
7e:f0:82:2b:4c:09,
7e:f0:82:2b:4c:09,
7e:f0:82:2b:4c:09,
7e:f0:82:2b:4c:09,
7e:f0:82:2b:4c:09,
7e:f0:82:2b:4c:09,
7e:f0:82:2b:4c:09,
7e:f0:82:2b:4c:09,
7e:f0:82:2b:4c:09,
7e:f0:82:2b:4c:09,
7e:f0:82:2b:4c:09,
7e:f0:82:2b:4c:09,
7e:f0:82:2b:4c:09,
7e:f0:82:2b:4c:09,
7e:f0:82:2b:4c:09,
7e:f0:82:2b:4c:09,
7e:f0:82:2b:4c:09,
7e:f0:82:2b:4c:09,
7e:f0:82:2b:4c:09,
7e:f0:82:2b:4c:09,
7e:f0:82:2b:4c:09,
7e:f0:82:2b:4c:09,
7e:f0:82:2b:4c:09,
7e:f0:82:2b:4c:09,
7e:f0:82:2b:4c:09,
7e:f0:82:2b:4c:09,
7e:f0:82:2b:4c:09,
7e:f0:82:2b:4c:09,
7e:f0:82:2b:4c:09,
7e:f0:82:2b:4c:09,
7e:f0:82:2b:4c:09,
7e:f0:82:2b:4c:09,
7e:f0:82:2b:4c:09,
7e:f0:82:2b:4c:09,
7e:f0:82:2b:4c:09,
7e:f0:82:2b:4c:09,
7e:f0:82:2b:4c:09,
7e:f0:82:2b:4c:09,
7e:f0:82:2b:4c:09,
7e:f0:82:2b:4c:09,
7e:f0:82:2b:4c:09,
7e:f0:82:2b:4c:09,
7e:f0:82:2b:4c:09,
7e:f0:82:2b:4c:09,
7e:f0:82:2b:4c:09,
7e:f0:82:2b:4c:09,
7e:f0:82:2b:4c:09,
7e:f0:82:2b:4c:09,
7e:f0:82:2b:4c:09,
7e:f0:82:2b:4c:09,
7e:f0:82:2b:4c:09,
7e:f0:82:2b:4c:09,
7e:f0:82:2b:4c:09,
7e:f0:82:2b:4c:09,
7e:f0:82:2b:4c:09,
7e:f0:82:2b:4c:09,
7e:f0:82:2b:4c:09,
7e:f0:82:2b:4c:09,
7e:f0:82:2b:4c:09,
7e:f0:82:2b:4c:09,
7e:f0:82:2b:4c:09,
7e:f0:82:2b:4c:09,
7e:f0:82:2b:4c:09,
7e:f0:82:2b:4c:09,
7e:f0:82:2b:4c:09,
7e:f0:82:2b:4c:09,
7e:f0:82:2b:4c:09,
7e:f0:82:2b:4c:09,
7e:f0:82:2b:4c:09,
7e:f0:82:2b:4c:09,
7e:f0:82:2b:4c:09,
7e:f0:82:2b:4c:09,
7e:f0:82:2b:4c:09,
7e:f0:82:2b:4c:09,
7e:f0:82:2b:4c:09,
7e:f0:82:2b:4c:09,
7e:f0:82:2b:4c:09,
7e:f0:82:2b:4c:09,
7e:f0:82:2b:4c:09,
7e:f0:82:2b:4c:09,
7e:f0:82:2b:4c:09,
7e:f0:82:2b:4c:09,
7e:f0:82:2b:4c:09,
7e:f0:82:2b:4c:09,
7e:f0:82:2b:4c:09,
7e:f0:82:2b:4c:09,
7e:f0:82:2b:4c:09,
7e:f0:82:2b:4c:09,
7e:f0:82:2b:4c:09,
7e:f0:82:2b:4c:09,
7e:f0:82:2b:4c:09,
7e:f0:82:2b:4c:09,
7e:f0:82:2b:4c:09,
7e:f0:82:2b:4c:09,
7e:f0:82:2b:4c:09,
7e:f0:82:2b:4c:09,
7e:f0:82:2b:4c:09,
7e:f0:82:2b:4c:09,
7e:f0:82:2b:4c:09,
7e:f0:82:2b:4c:09,
7e:f0:82:2b:4c:09,
7e:f0:82:2b:4c:09,
7e:f0:82:2b:4c:09,
7e:f0:82:2b:4c:09,
7e:f0:82:2b:4c:09,
7e:f0:82:2b:4c:09,
7e:f0:82:2b:4c:09,
7e:f0:82:2b:4c:09,
7e:f0:82:2b:4c:09,
7e:f0:82:2b:4c:09,
7e:f0:82:2b:4c:09,
7e:f0:82:2b:4c:09,
7e:f0:82:2b:4c:09,
7e:f0:82:2b:4c:09,
7e:f0:82:2b:4c:09,
7e:f0:82:2b:4c:09,
7e:f0:82:2b:4c:09,
7e:f0:82:2b:4c:09,
7e:f0:82:2b:4c:09,
7e:f0:82:2b:4c:09,
7e:f0:82:2b:4c:09,
7e:f0:82:2b:4c:09,
7e:f0:82:2b:4c:09,
7e:f0:82:2b:4c:09,
7e:f0:82:2b:4c:09,
7e:f0:82:2b:4c:09,
7e:f0:82:2b:4c:09,
7e:f0:82:2b:4c:09,
7e:f0:82:2b:4c:09,
7e:f0:82:2b:4c:09,
7e:f0:82:2b:4c:09,
7e:f0:82:2b:4c:09,
7e:f0:82:2b:4c:09,
7e:f0:82:2b:4c:09,
7e:f0:82:2b:4c:09,
7e:f0:82:2b:4c:09,
7e:f0:82:2b:4c:09,
7e:f0:82:2b:4c:09,
7e:f0:82:2b:4c:09,
7e:f0:82:2b:4c:09,
7e:f0:82:2b:4c:09,
7e:f0:82:2b:4c:09,
7e:f0:82:2b:4c:09,
7e:f0:82:2b:4c:09,
7e:f0:82:2b:4c:09,
7e:f0:82:2b:4c:09,
7e:f0:82:2b:4c:09,
7e:f0:82:2b:4c:09,
7e:f0:82:2b:4c:09,
7e:f0:82:2b:4c:09,
7e:f0:82:2b:4c:09,
7e:f0:82:2b:4c:09,
7e:f0:82:2b:4c:09,
7e:f0:82:2b:4c:09,
7e:f0:82:2b:4c:09,
7e:f0:82:2b:4c:09,
7e:f0:82:2b:4c:09,
7e:f0:82:2b:4c:09,
7e:f0:82:2b:4c:09,
7e:f0:82:2b:4c:09,
7e:f0:82:2b:4c:09,
7e:f0:82:2b:4c:09,
7e:f0:82:2b:4c:09,
7e:f0:82:2b:4c:09,
7e:f0:82:2b:4c:09,
7e:f0:82:2b:4c:09,
7e:f0:82:2b:4c:09,
7e:f0:82:2b:4c:09,
7e:f0:82:2b:4c:09,
7e:f0:82:2b:4c:09,
7e:f0:82:2b:4c:09,
7e:f0:82:2b:4c:09,
7e:f0:82:2b:4c:09,
7e:f0:82:2b:4c:09,
7e:f0:82:2b:4c:09,
7e:f0:82:2b:4c:09,
7e:f0:82:2b:4c:09,
7e:f0:82:2b:4c:09,
7e:f0:82:2b:4c:09,
7e:f0:82:2b:4c:09,
7e:f0:82:2b:4c:09,
7e:f0:82:2b:4c:09,
7e:f0:82:2b:4c:09,
7e:f0:82:2b:4c:09,
7e:f0:82:2b:4c:09,
7e:f0:82:2b:4c:09,
7e:f0:82:2b:4c:09,
7e:f0:82:2b:4c:09,
7e:f0:82:2b:4c:09,
7e:f0:82:2b:4c:09,
7e:f0:82:2b:4c:09,
7e:f0:82:2b:4c:09,
7e:f0:82:2b:4c:09,
7e:f0:82:2b:4c:09,
7e:f0:82:2b:4c:09,
7e:f0:82:2b:4c:09,
7e:f0:82:2b:4c:09,
7e:f0:82:2b:4c:09,
7e:f0:82:2b:4c:09,
7e:f0:82:2b:4c:09,
7e:f0:82:2b:4c:09,
7e:f0:82:2b:4c:09,
7e:f0:82:2b:4c:09,
7e:f0:82:2b:4c:09,
7e:f0:82:2b:4c:09,
7e:f0:82:2b:4c:09,
7e:f0:82:2b:4c:09,
7e:f0:82:2b:4c:09,
7e:f0:82:2b:4c:09,
7e:f0:82:2b:4c:09,
7e:f0:82:2b:4c:09,
7e:f0:82:2b:4c:09,
7e:f0:82:2b:4c:09,
7e:f0:82:2b:4c:09,
7e:f0:82:2b:4c:09,
7e:f0:82:2b:4c:09,
7e:f0:82:2b:4c:09,
7e:f0:82:2b:4c:09,
7e:f0:82:2b:4c:09,
7e:f0:82:2b:4c:09,
7e:f0:82:2b:4c:09,
7e:f0:82:2b:4c:09,
7e:f0:82:2b:4c:09,
7e:f0:82:2b:4c:09,
7e:f0:82:2b:4c:09,
7e:f0:82:2b:4c:09,
7e:f0:82:2b:4c:09,
7e:f0:82:2b:4c:09,
7e:f0:82:2b:4c:09,
7e:f0:82:2b:4c:09,
7e:f0:82:2b:4c:09,
7e:f0:82:2b:4c:09,
7e:f0:82:2b:4c:09,
7e:f0:82:2b:4c:09,
7e:f0:82:2b:4c:09,
7e:f0:82:2b:4c:09,
7e:f0:82:2b:4c:09,
7e:f0:82:2b:4c:09,
7e:f0:82:2b:4c:09,
7e:f0:82:2b:4c:09,
7e:f0:82:2b:4c:09,
7e:f0:82:2b:4c:09,
7e:f0:82:2b:4c:09,
7e:f0:82:2b:4c:09,
7e:f0:82:2b:4c:09,
7e:f0:82:2b:4c:09,
7e:f0:82:2b:4c:09,
7e:f0:82:2b:4c:09,
7e:f0:82:2b:4c:09,
7e:f0:82:2b:4c:09,
7e:f0:82:2b:4c:09,
7e:f0:82:2b:4c:09,
7e:f0:82:2b:4c:09,
7e:f0:82:2b:4c:09,
7e:f0:82:2b:4c:09,
7e:f0:82:2b:4c:09,
7e:f0:82:2b:4c:09,
7e:f0:82:2b:4c:09,
7e:f0:82:2b:4c:09,
7e:f0:82:2b:4c:09,
7e:f0:82:2b:4c:09,
7e:f0:82:2b:4c:09,
7e:f0:82:2b:4c:09,
7e:f0:82:2b:4c:09,
7e:f0:82:2b:4c:09,
7e:f0:82:2b:4c:09,
7e:f0:82:2b:4c:09,
7e:f0:82:2b:4c:09,
7e:f0:82:2b:4c:09,
7e:f0:82:2b:4c:09,
7e:f0:82:2b:4c:09,
7e:f0:82:2b:4c:09,
7e:f0:82:2b:4c:09,
7e:f0:82:2b:4c:09,
7e:f0:82:2b:4c:09,
7e:f0:82:2b:4c:09,
7e:f0:82:2b:4c:09,
7e:f0:82:2b:4c:09,
7e:f0:82:2b:4c:09,
7e:f0:82:2b:4c:09,
7e:f0:82:2b:4c:09,
7e:f0:82:2b:4c:09,
7e:f0:82:2b:4c:09,
7e:f0:82:2b:4c:09,
7e:f0:82:2b:4c:09,
7e:f0:82:2b:4c:09,
7e:f0:82:2b:4c:09,
7e:f0:82:2b:4c:09,
7e:f0:82:2b:4c:09,
7e:f0:82:2b:4c:09,
7e:f0:82:2b:4c:09,
7e:f0:82:2b:4c:09,
7e:f0:82:2b:4c:09,
7e:f0:82:2b:4c:09,
7e:f0:82:2b:4c:09,
7e:f0:82:2b:4c:09,
7e:f0:82:2b:4c:09,
7e:f0:82:2b:4c:09,
7e:f0:82:2b:4c:09,
7e:f0:82:2b:4c:09,
7e:f0:82:2b:4c:09,
7e:f0:82:2b:4c:09,
7e:f0:82:2b:4c:09,
7e:f0:82:2b:4c:09,
7e:f0:82:2b:4c:09,
7e:f0:82:2b:4c:09,
7e:f0:82:2b:4c:09,
7e:f0:82:2b:4c:09,
7e:f0:82:2b:4c:09,
7e:f0:82:2b:4c:09,
7e:f0:82:2b:4c:09,
7e:f0:82:2b:4c:09,
7e:f0:82:2b:4c:09,
7e:f0:82:2b:4c:09,
7e:f0:82:2b:4c:09,
7e:f0:82:2b:4c:09,
7e:f0:82:2b:4c:09,
7e:f0:82:2b:4c:09,
7e:f0:82:2b:4c:09,
7e:f0:82:2b:4c:09,
7e:f0:82:2b:4c:09,
7e:f0:82:2b:4c:09,
7e:f0:82:2b:4c:09,
7e:f0:82:2b:4c:09,
7e:f0:82:2b:4c:09,
7e:f0:82:2b:4c:09,
7e:f0:82:2b:4c:09,
7e:f0:82:2b:4c:09,
7e:f0:82:2b:4c:09,
7e:f0:82:2b:4c:09,
7e:f0:82:2b:4c:09,
7e:f0:82:2b:4c:09,
7e:f0:82:2b:4c:09,
7e:f0:82:2b:4c:09,
7e:f0:82:2b:4c:09,
7e:f0:82:2b:4c:09,
7e:f0:82:2b:4c:09,
7e:f0:82:2b:4c:09,
7e:f0:82:2b:4c:09,
7e:f0:82:2b:4c:09,
7e:f0:82:2b:4c:09,
7e:f0:82:2b:4c:09,
7e:f0:82:2b:4c:09,
7e:f0:82:2b:4c:09,
7e:f0:82:2b:4c:09,
7e:f0:82:2b:4c:09,
7e:f0:82:2b:4c:09,
7e:f0:82:2b:4c:09,
7e:f0:82:2b:4c:09,
7e:f0:82:2b:4c:09,
7e:f0:82:2b:4c:09,
7e:f0:82:2b:4c:09,
7e:f0:82:2b:4c:09,
7e:f0:82:2b:4c:09,
7e:f0:82:2b:4c:09,
7e:f0:82:2b:4c:09,
7e:f0:82:2b:4c:09,
7e:f0:82:2b:4c:09,
7e:f0:82:2b:4c:09,
7e:f0:82:2b:4c:09,
7e:f0:82:2b:4c:09,
7e:f0:82:2b:4c:09,
7e:f0:82:2b:4c:09,
7e:f0:82:2b:4c:09,
7e:f0:82:2b:4c:09,
7e:f0:82:2b:4c:09,
7e:f0:82:2b:4c:09,
7e:f0:82:2b:4c:09,
7e:f0:82:2b:4c:09,
7e:f0:82:2b:4c:09,
7e:f0:82:2b:4c:09,
7e:f0:82:2b:4c:09,
7e:f0:82:2b:4c:09,
7e:f0:82:2b:4c:09,
7e:f0:82:2b:4c:09,
7e:f0:82:2b:4c:09,
7e:f0:82:2b:4c:09,
7e:f0:82:2b:4c:09,
7e:f0:82:2b:4c:09,
7e:f0:82:2b:4c:09,
7e:f0:82:2b:4c:09,
7e:f0:82:2b:4c:09,
7e:f0:82:2b:4c:09,
7e:f0:82:2b:4c:09,
7e:f0:82:2b:4c:09,
7e:f0:82:2b:4c:09,
7e:f0:82:2b:4c:09,
7e:f0:82:2b:4c:09,
7e:f0:82:2b:4c:09,
7e:f0:82:2b:4c:09,
7e:f0:82:2b:4c:09,
7e:f0:82:2b:4c:09,
7e:f0:82:2b:4c:09,
7e:f0:82:2b:4c:09,
7e:f0:82:2b:4c:09,
7e:f0:82:2b:4c:09,
7e:f0:82:2b:4c:09,
7e:f0:82:2b:4c:09,
7e:f0:82:2b:4c:09,
7e:f0:82:2b:4c:09,
7e:f0:82:2b:4c:09,
7e:f0:82:2b:4c:09,
7e:f0:82:2b:4c:09,
7e:f0:82:2b:4c:09,
7e:f0:82:2b:4c:09,
7e:f0:82:2b:4c:09,
7e:f0:82:2b:4c:09,
7e:f0:82:2b:4c:09,
7e:f0:82:2b:4c:09,
7e:f0:82:2b:4c:09,
7e:f0:82:2b:4c:09,
7e:f0:82:2b:4c:09,
7e:f0:82:2b:4c:09,
7e:f0:82:2b:4c:09,
7e:f0:82:2b:4c:09,
7e:f0:82:2b:4c:09,
7e:f0:82:2b:4c:09,
7e:f0:82:2b:4c:09,
7e:f0:82:2b:4c:09,
7e:f0:82:2b:4c:09,
7e:f0:82:2b:4c:09,
7e:f0:82:2b:4c:09,
7e:f0:82:2b:4c:09,
7e:f0:82:2b:4c:09,
7e:f0:82:2b:4c:09,
7e:f0:82:2b:4c:09,
7e:f0:82:2b:4c:09,
7e:f0:82:2b:4c:09,
7e:f0:82:2b:4c:09,
7e:f0:82:2b:4c:09,
7e:f0:82:2b:4c:09,
7e:f0:82:2b:4c:09,
7e:f0:82:2b:4c:09,
7e:f0:82:2b:4c:09,
7e:f0:82:2b:4c:09,
7e:f0:82:2b:4c:09,
7e:f0:82:2b:4c:09,
7e:f0:82:2b:4c:09,
7e:f0:82:2b:4c:09,
7e:f0:82:2b:4c:09,
7e:f0:82:2b:4c:09,
7e:f0:82:2b:4c:09,
7e:f0:82:2b:4c:09,
7e:f0:82:2b:4c:09,
7e:f0:82:2b:4c:09,
7e:f0:82:2b:4c:09,
7e:f0:82:2b:4c:09,
7e:f0:82:2b:4c:09,
7e:f0:82:2b:4c:09,
7e:f0:82:2b:4c:09,
7e:f0:82:2b:4c:09,
7e:f0:82:2b:4c:09,
7e:f0:82:2b:4c:09,
7e:f0:82:2b:4c:09,
7e:f0:82:2b:4c:09,
7e:f0:82:2b:4c:09,
7e:f0:82:2b:4c:09,
7e:f0:82:2b:4c:09,
7e:f0:82:2b:4c:09,
7e:f0:82:2b:4c:09,
7e:f0:82:2b:4c:09,
7e:f0:82:2b:4c:09,
7e:f0:82:2b:4c:09,
7e:f0:82:2b:4c:09,
7e:f0:82:2b:4c:09,
7e:f0:82:2b:4c:09,
7e:f0:82:2b:4c:09,
7e:f0:82:2b:4c:09,
7e:f0:82:2b:4c:09,
7e:f0:82:2b:4c:09,
7e:f0:82:2b:4c:09,
7e:f0:82:2b:4c:09,
7e:f0:82:2b:4c:09,
7e:f0:82:2b:4c:09,
7e:f0:82:2b:4c:09,
7e:f0:82:2b:4c:09,
7e:f0:82:2b:4c:09,
7e:f0:82:2b:4c:09,
7e:f0:82:2b:4c:09,
7e:f0:82:2b:4c:09,
7e:f0:82:2b:4c:09,
7e:f0:82:2b:4c:09,
7e:f0:82:2b:4c:09,
7e:f0:82:2b:4c:09,
7e:f0:82:2b:4c:09,
7e:f0:82:2b:4c:09,
7e:f0:82:2b:4c:09,
7e:f0:82:2b:4c:09,
7e:f0:82:2b:4c:09,
7e:f0:82:2b:4c:09,
7e:f0:82:2b:4c:09,
7e:f0:82:2b:4c:09,
7e:f0:82:2b:4c:09,
7e:f0:82:2b:4c:09,
7e:f0:82:2b:4c:09,
7e:f0:82:2b:4c:09,
7e:f0:82:2b:4c:09,
7e:f0:82:2b:4c:09,
7e:f0:82:2b:4c:09,
7e:f0:82:2b:4c:09,
7e:f0:82:2b:4c:09,
7e:f0:82:2b:4c:09,
7e:f0:82:2b:4c:09,
7e:f0:82:2b:4c:09,
7e:f0:82:2b:4c:09,
7e:f0:82:2b:4c:09,
7e:f0:82:2b:4c:09,
7e:f0:82:2b:4c:09,
7e:f0:82:2b:4c:09,
7e:f0:82:2b:4c:09,
7e:f0:82:2b:4c:09,
7e:f0:82:2b:4c:09,
7e:f0:82:2b:4c:09,
7e:f0:82:2b:4c:09,
7e:f0:82:2b:4c:09,
7e:f0:82:2b:4c:09,
7e:f0:82:2b:4c:09,
7e:f0:82:2b:4c:09,
7e:f0:82:2b:4c:09,
7e:f0:82:2b:4c:09,
7e:f0:82:2b:4c:09,
7e:f0:82:2b:4c:09,
7e:f0:82:2b:4c:09,
7e:f0:82:2b:4c:09,
7e:f0:82:2b:4c:09,
7e:f0:82:2b:4c:09,
7e:f0:82:2b:4c:09,
7e:f0:82:2b:4c:09,
7e:f0:82:2b:4c:09,
7e:f0:82:2b:4c:09,
7e:f0:82:2b:4c:09,
7e:f0:82:2b:4c:09,
7e:f0:82:2b:4c:09,
7e:f0:82:2b:4c:09,
7e:f0:82:2b:4c:09,
7e:f0:82:2b:4c:09,
7e:f0:82:2b:4c:09,
7e:f0:82:2b:4c:09,
7e:f0:82:2b:4c:09,
7e:f0:82:2b:4c:09,
7e:f0:82:2b:4c:09,
7e:f0:82:2b:4c:09,
7e:f0:82:2b:4c:09,
7e:f0:82:2b:4c:09,
7e:f0:82:2b:4c:09,
7e:f0:82:2b:4c:09,
7e:f0:82:2b:4c:09,
7e:f0:82:2b:4c:09,
7e:f0:82:2b:4c:09,
7e:f0:82:2b:4c:09,
7e:f0:82:2b:4c:09,
7e:f0:82:2b:4c:09,
7e:f0:82:2b:4c:09,
7e:f0:82:2b:4c:09,
7e:f0:82:2b:4c:09,
7e:f0:82:2b:4c:09,
7e:f0:82:2b:4c:09,
7e:f0:82:2b:4c:09,
7e:f0:82:2b:4c:09,
7e:f0:82:2b:4c:09,
7e:f0:82:2b:4c:09,
7e:f0:82:2b:4c:09,
7e:f0:82:2b:4c:09,
7e:f0:82:2b:4c:09,
7e:f0:82:2b:4c:09,
7e:f0:82:2b:4c:09,
7e:f0:82:2b:4c:09,
7e:f0:82:2b:4c:09,
7e:f0:82:2b:4c:09,
7e:f0:82:2b:4c:09,
7e:f0:82:2b:4c:09,
7e:f0:82:2b:4c:09,
7e:f0:82:2b:4c:09,
7e:f0:82:2b:4c:09,
7e:f0:82:2b:4c:09,
7e:f0:82:2b:4c:09,
7e:f0:82:2b:4c:09,
7e:f0:82:2b:4c:09,
7e:f0:82:2b:4c:09,
7e:f0:82:2b:4c:09,
7e:f0:82:2b:4c:09,
7e:f0:82:2b:4c:09,
7e:f0:82:2b:4c:09,
7e:f0:82:2b:4c:09,
7e:f0:82:2b:4c:09,
7e:f0:82:2b:4c:09,
7e:f0:82:2b:4c:09,
7e:f0:82:2b:4c:09,
7e:f0:82:2b:4c:09,
7e:f0:82:2b:4c:09,
7e:f0:82:2b:4c:09,
7e:f0:82:2b:4c:09,
7e:f0:82:2b:4c:09,
7e:f0:82:2b:4c:09,
7e:f0:82:2b:4c:09,
7e:f0:82:2b:4c:09,
7e:f0:82:2b:4c:09,
7e:f0:82:2b:4c:09,
7e:f0:82:2b:4c:09,
7e:f0:82:2b:4c:09,
7e:f0:82:2b:4c:09,
7e:f0:82:2b:4c:09,
7e:f0:82:2b:4c:09,
7e:f0:82:2b:4c:09,
7e:f0:82:2b:4c:09,
7e:f0:82:2b:4c:09,
7e:f0:82:2b:4c:09,
7e:f0:82:2b:4c:09,
7e:f0:82:2b:4c:09,
7e:f0:82:2b:4c:09,
7e:f0:82:2b:4c:09,
7e:f0:82:2b:4c:09,
7e:f0:82:2b:4c:09,
7e:f0:82:2b:4c:09,
7e:f0:82:2b:4c:09,
7e:f0:82:2b:4c:09,
7e:f0:82:2b:4c:09,
7e:f0:82:2b:4c:09,
7e:f0:82:2b:4c:09,
7e:f0:82:2b:4c:09,
7e:f0:82:2b:4c:09,
7e:f0:82:2b:4c:09,
7e:f0:82:2b:4c:09,
7e:f0:82:2b:4c:09,
7e:f0:82:2b:4c:09,
7e:f0:82:2b:4c:09,
7e:f0:82:2b:4c:09,
7e:f0:82:2b:4c:09,
7e:f0:82:2b:4c:09,
7e:f0:82:2b:4c:09,
7e:f0:82:2b:4c:09,
7e:f0:82:2b:4c:09,
7e:f0:82:2b:4c:09,
7e:f0:82:2b:4c:09,
7e:f0:82:2b:4c:09,
7e:f0:82:2b:4c:09,
7e:f0:82:2b:4c:09,
7e:f0:82:2b:4c:09,
7e:f0:82:2b:4c:09,
7e:f0:82:2b:4c:09,
7e:f0:82:2b:4c:09,
7e:f0:82:2b:4c:09,
7e:f0:82:2b:4c:09,
7e:f0:82:2b:4c:09,
7e:f0:82:2b:4c:09,
7e:f0:82:2b:4c:09,
7e:f0:82:2b:4c:09,
7e:f0:82:2b:4c:09,
7e:f0:82:2b:4c:09,
7e:f0:82:2b:4c:09,
7e:f0:82:2b:4c:09,
7e:f0:82:2b:4c:09,
7e:f0:82:2b:4c:09,
7e:f0:82:2b:4c:09,
7e:f0:82:2b:4c:09,
7e:f0:82:2b:4c:09,
7e:f0:82:2b:4c:09,
7e:f0:82:2b:4c:09,
7e:f0:82:2b:4c:09,
7e:f0:82:2b:4c:09,
7e:f0:82:2b:4c:09,
7e:f0:82:2b:4c:09,
7e:f0:82:2b:4c:09,
7e:f0:82:2b:4c:09,
7e:f0:82:2b:4c:09,
7e:f0:82:2b:4c:09,
7e:f0:82:2b:4c:09,
7e:f0:82:2b:4c:09,
7e:f0:82:2b:4c:09,
7e:f0:82:2b:4c:09,
7e:f0:82:2b:4c:09,
7e:f0:82:2b:4c:09,
7e:f0:82:2b:4c:09,
7e:f0:82:2b:4c:09,
7e:f0:82:2b:4c:09,
7e:f0:82:2b:4c:09,
7e:f0:82:2b:4c:09,
7e:f0:82:2b:4c:09,
7e:f0:82:2b:4c:09,
7e:f0:82:2b:4c:09,
7e:f0:82:2b:4c:09,
7e:f0:82:2b:4c:09,
7e:f0:82:2b:4c:09,
7e:f0:82:2b:4c:09,
7e:f0:82:2b:4c:09,
7e:f0:82:2b:4c:09,
7e:f0:82:2b:4c:09,
7e:f0:82:2b:4c:09,
7e:f0:82:2b:4c:09,
7e:f0:82:2b:4c:09,
7e:f0:82:2b:4c:09,
7e:f0:82:2b:4c:09,
7e:f0:82:2b:4c:09,
7e:f0:82:2b:4c:09,
7e:f0:82:2b:4c:09,
7e:f0:82:2b:4c:09,
7e:f0:82:2b:4c:09,
7e:f0:82:2b:4c:09,
7e:f0:82:2b:4c:09,
7e:f0:82:2b:4c:09,
7e:f0:82:2b:4c:09,
7e:f0:82:2b:4c:09,
7e:f0:82:2b:4c:09,
7e:f0:82:2b:4c:09,
7e:f0:82:2b:4c:09,
7e:f0:82:2b:4c:09,
7e:f0:82:2b:4c:09,
7e:f0:82:2b:4c:09,
7e:f0:82:2b:4c:09,
7e:f0:82:2b:4c:09,
7e:f0:82:2b:4c:09,
7e:f0:82:2b:4c:09,
7e:f0:82:2b:4c:09,
7e:f0:82:2b:4c:09,
7e:f0:82:2b:4c:09,
7e:f0:82:2b:4c:09,
7e:f0:82:2b:4c:09,
7e:f0:82:2b:4c:09,
7e:f0:82:2b:4c:09,
7e:f0:82:2b:4c:09,
7e:f0:82:2b:4c:09,
7e:f0:82:2b:4c:09,
7e:f0:82:2b:4c:09,
7e:f0:82:2b:4c:09,
7e:f0:82:2b:4c:09,
7e:f0:82:2b:4c:09,
7e:f0:82:2b:4c:09,
7e:f0:82:2b:4c:09,
7e:f0:82:2b:4c:09,
7e:f0:82:2b:4c:09,
7e:f0:82:2b:4c:09,
7e:f0:82:2b:4c:09,
7e:f0:82:2b:4c:09,
7e:f0:82:2b:4c:09,
7e:f0:82:2b:4c:09,
7e:f0:82:2b:4c:09,
7e:f0:82:2b:4c:09,
7e:f0:82:2b:4c:09,
7e:f0:82:2b:4c:09,
7e:f0:82:2b:4c:09,
7e:f0:82:2b:4c:09,
7e:f0:82:2b:4c:09,
7e:f0:82:2b:4c:09,
7e:f0:82:2b:4c:09,
7e:f0:82:2b:4c:09,
7e:f0:82:2b:4c:09,
7e:f0:82:2b:4c:09,
7e:f0:82:2b:4c:09,
7e:f0:82:2b:4c:09,
7e:f0:82:2b:4c:09,
7e:f0:82:2b:4c:09,
7e:f0:82:2b:4c:09,
7e:f0:82:2b:4c:09,
7e:f0:82:2b:4c:09,
7e:f0:82:2b:4c:09,
7e:f0:82:2b:4c:09,
7e:f0:82:2b:4c:09,
7e:f0:82:2b:4c:09,
7e:f0:82:2b:4c:09,
7e:f0:82:2b:4c:09,
7e:f0:82:2b:4c:09,
7e:f0:82:2b:4c:09,
7e:f0:82:2b:4c:09,
7e:f0:82:2b:4c:09,
7e:f0:82:2b:4c:09,
7e:f0:82:2b:4c:09,
7e:f0:82:2b:4c:09,
7e:f0:82:2b:4c:09,
7e:f0:82:2b:4c:09,
7e:f0:82:2b:4c:09,
7e:f0:82:2b:4c:09,
7e:f0:82:2b:4c:09,
7e:f0:82:2b:4c:09,
7e:f0:82:2b:4c:09,
7e:f0:82:2b:4c:09,
7e:f0:82:2b:4c:09,
7e:f0:82:2b:4c:09,
7e:f0:82:2b:4c:09,
7e:f0:82:2b:4c:09,
7e:f0:82:2b:4c:09,
7e:f0:82:2b:4c:09,
7e:f0:82:2b:4c:09,
7e:f0:82:2b:4c:09,
7e:f0:82:2b:4c:09,
7e:f0:82:2b:4c:09,
7e:f0:82:2b:4c:09,
7e:f0:82:2b:4c:09,
7e:f0:82:2b:4c:09,
7e:f0:82:2b:4c:09,
7e:f0:82:2b:4c:09,
7e:f0:82:2b:4c:09,
7e:f0:82:2b:4c:09,
7e:f0:82:2b:4c:09,
7e:f0:82:2b:4c:09,
7e:f0:82:2b:4c:09,
7e:f0:82:2b:4c:09,
7e:f0:82:2b:4c:09,
7e:f0:82:2b:4c:09,
7e:f0:82:2b:4c:09,
7e:f0:82:2b:4c:09,
7e:f0:82:2b:4c:09,
7e:f0:82:2b:4c:09,
7e:f0:82:2b:4c:09,
7e:f0:82:2b:4c:09,
7e:f0:82:2b:4c:09,
7e:f0:82:2b:4c:09,
7e:f0:82:2b:4c:09,
7e:f0:82:2b:4c:09,
7e:f0:82:2b:4c:09,
7e:f0:82:2b:4c:09,
7e:f0:82:2b:4c:09,
7e:f0:82:2b:4c:09,
7e:f0:82:2b:4c:09,
7e:f0:82:2b:4c:09,
7e:f0:82:2b:4c:09,
7e:f0:82:2b:4c:09,
7e:f0:82:2b:4c:09,
7e:f0:82:2b:4c:09,
7e:f0:82:2b:4c:09,
7e:f0:82:2b:4c:09,
7e:f0:82:2b:4c:09,
7e:f0:82:2b:4c:09,
7e:f0:82:2b:4c:09,
7e:f0:82:2b:4c:09,
7e:f0:82:2b:4c:09,
7e:f0:82:2b:4c:09,
7e:f0:82:2b:4c:09,
7e:f0:82:2b:4c:09,
7e:f0:82:2b:4c:09,
7e:f0:82:2b:4c:09,
7e:f0:82:2b:4c:09,
7e:f0:82:2b:4c:09,
7e:f0:82:2b:4c:09,
7e:f0:82:2b:4c:09,
7e:f0:82:2b:4c:09,
7e:f0:82:2b:4c:09,
7e:f0:82:2b:4c:09,
7e:f0:82:2b:4c:09,
7e:f0:82:2b:4c:09,
7e:f0:82:2b:4c:09,
7e:f0:82:2b:4c:09,
7e:f0:82:2b:4c:09,
7e:f0:82:2b:4c:09,
7e:f0:82:2b:4c:09,
7e:f0:82:2b:4c:09,
7e:f0:82:2b:4c:09,
7e:f0:82:2b:4c:09,
7e:f0:82:2b:4c:09,
