72:fc:42:18:ab:a4,
72:fc:42:18:ab:a4,
72:fc:42:18:ab:a4,
72:fc:42:18:ab:a4,
72:fc:42:18:ab:a4,
72:fc:42:18:ab:a4,
72:fc:42:18:ab:a4,
72:fc:42:18:ab:a4,
72:fc:42:18:ab:a4,
72:fc:42:18:ab:a4,
72:fc:42:18:ab:a4,
72:fc:42:18:ab:a4,
72:fc:42:18:ab:a4,
72:fc:42:18:ab:a4,
72:fc:42:18:ab:a4,
72:fc:42:18:ab:a4,
72:fc:42:18:ab:a4,
72:fc:42:18:ab:a4,
72:fc:42:18:ab:a4,
72:fc:42:18:ab:a4,
72:fc:42:18:ab:a4,
72:fc:42:18:ab:a4,
72:fc:42:18:ab:a4,
72:fc:42:18:ab:a4,
72:fc:42:18:ab:a4,
72:fc:42:18:ab:a4,
72:fc:42:18:ab:a4,
72:fc:42:18:ab:a4,
72:fc:42:18:ab:a4,
72:fc:42:18:ab:a4,
72:fc:42:18:ab:a4,
72:fc:42:18:ab:a4,
72:fc:42:18:ab:a4,
72:fc:42:18:ab:a4,
72:fc:42:18:ab:a4,
72:fc:42:18:ab:a4,
72:fc:42:18:ab:a4,
72:fc:42:18:ab:a4,
72:fc:42:18:ab:a4,
72:fc:42:18:ab:a4,
72:fc:42:18:ab:a4,
72:fc:42:18:ab:a4,
72:fc:42:18:ab:a4,
72:fc:42:18:ab:a4,
72:fc:42:18:ab:a4,
72:fc:42:18:ab:a4,
72:fc:42:18:ab:a4,
72:fc:42:18:ab:a4,
72:fc:42:18:ab:a4,
72:fc:42:18:ab:a4,
72:fc:42:18:ab:a4,
72:fc:42:18:ab:a4,
72:fc:42:18:ab:a4,
72:fc:42:18:ab:a4,
72:fc:42:18:ab:a4,
72:fc:42:18:ab:a4,
72:fc:42:18:ab:a4,
72:fc:42:18:ab:a4,
72:fc:42:18:ab:a4,
72:fc:42:18:ab:a4,
72:fc:42:18:ab:a4,
72:fc:42:18:ab:a4,
72:fc:42:18:ab:a4,
72:fc:42:18:ab:a4,
72:fc:42:18:ab:a4,
72:fc:42:18:ab:a4,
72:fc:42:18:ab:a4,
72:fc:42:18:ab:a4,
72:fc:42:18:ab:a4,
72:fc:42:18:ab:a4,
72:fc:42:18:ab:a4,
72:fc:42:18:ab:a4,
72:fc:42:18:ab:a4,
72:fc:42:18:ab:a4,
72:fc:42:18:ab:a4,
72:fc:42:18:ab:a4,
72:fc:42:18:ab:a4,
72:fc:42:18:ab:a4,
72:fc:42:18:ab:a4,
72:fc:42:18:ab:a4,
72:fc:42:18:ab:a4,
72:fc:42:18:ab:a4,
72:fc:42:18:ab:a4,
72:fc:42:18:ab:a4,
72:fc:42:18:ab:a4,
72:fc:42:18:ab:a4,
72:fc:42:18:ab:a4,
72:fc:42:18:ab:a4,
72:fc:42:18:ab:a4,
72:fc:42:18:ab:a4,
72:fc:42:18:ab:a4,
72:fc:42:18:ab:a4,
72:fc:42:18:ab:a4,
72:fc:42:18:ab:a4,
72:fc:42:18:ab:a4,
72:fc:42:18:ab:a4,
72:fc:42:18:ab:a4,
72:fc:42:18:ab:a4,
72:fc:42:18:ab:a4,
72:fc:42:18:ab:a4,
72:fc:42:18:ab:a4,
72:fc:42:18:ab:a4,
72:fc:42:18:ab:a4,
72:fc:42:18:ab:a4,
72:fc:42:18:ab:a4,
72:fc:42:18:ab:a4,
72:fc:42:18:ab:a4,
72:fc:42:18:ab:a4,
72:fc:42:18:ab:a4,
72:fc:42:18:ab:a4,
72:fc:42:18:ab:a4,
72:fc:42:18:ab:a4,
72:fc:42:18:ab:a4,
72:fc:42:18:ab:a4,
72:fc:42:18:ab:a4,
72:fc:42:18:ab:a4,
72:fc:42:18:ab:a4,
72:fc:42:18:ab:a4,
72:fc:42:18:ab:a4,
72:fc:42:18:ab:a4,
72:fc:42:18:ab:a4,
72:fc:42:18:ab:a4,
72:fc:42:18:ab:a4,
72:fc:42:18:ab:a4,
72:fc:42:18:ab:a4,
72:fc:42:18:ab:a4,
72:fc:42:18:ab:a4,
72:fc:42:18:ab:a4,
72:fc:42:18:ab:a4,
72:fc:42:18:ab:a4,
72:fc:42:18:ab:a4,
72:fc:42:18:ab:a4,
72:fc:42:18:ab:a4,
72:fc:42:18:ab:a4,
72:fc:42:18:ab:a4,
72:fc:42:18:ab:a4,
72:fc:42:18:ab:a4,
72:fc:42:18:ab:a4,
72:fc:42:18:ab:a4,
72:fc:42:18:ab:a4,
72:fc:42:18:ab:a4,
72:fc:42:18:ab:a4,
72:fc:42:18:ab:a4,
72:fc:42:18:ab:a4,
72:fc:42:18:ab:a4,
72:fc:42:18:ab:a4,
72:fc:42:18:ab:a4,
72:fc:42:18:ab:a4,
72:fc:42:18:ab:a4,
72:fc:42:18:ab:a4,
72:fc:42:18:ab:a4,
72:fc:42:18:ab:a4,
72:fc:42:18:ab:a4,
72:fc:42:18:ab:a4,
72:fc:42:18:ab:a4,
72:fc:42:18:ab:a4,
72:fc:42:18:ab:a4,
72:fc:42:18:ab:a4,
72:fc:42:18:ab:a4,
72:fc:42:18:ab:a4,
72:fc:42:18:ab:a4,
72:fc:42:18:ab:a4,
72:fc:42:18:ab:a4,
72:fc:42:18:ab:a4,
72:fc:42:18:ab:a4,
72:fc:42:18:ab:a4,
72:fc:42:18:ab:a4,
72:fc:42:18:ab:a4,
72:fc:42:18:ab:a4,
72:fc:42:18:ab:a4,
72:fc:42:18:ab:a4,
72:fc:42:18:ab:a4,
72:fc:42:18:ab:a4,
72:fc:42:18:ab:a4,
72:fc:42:18:ab:a4,
72:fc:42:18:ab:a4,
72:fc:42:18:ab:a4,
72:fc:42:18:ab:a4,
72:fc:42:18:ab:a4,
72:fc:42:18:ab:a4,
72:fc:42:18:ab:a4,
72:fc:42:18:ab:a4,
72:fc:42:18:ab:a4,
72:fc:42:18:ab:a4,
72:fc:42:18:ab:a4,
72:fc:42:18:ab:a4,
72:fc:42:18:ab:a4,
72:fc:42:18:ab:a4,
72:fc:42:18:ab:a4,
72:fc:42:18:ab:a4,
72:fc:42:18:ab:a4,
72:fc:42:18:ab:a4,
72:fc:42:18:ab:a4,
72:fc:42:18:ab:a4,
72:fc:42:18:ab:a4,
72:fc:42:18:ab:a4,
72:fc:42:18:ab:a4,
72:fc:42:18:ab:a4,
72:fc:42:18:ab:a4,
72:fc:42:18:ab:a4,
72:fc:42:18:ab:a4,
72:fc:42:18:ab:a4,
72:fc:42:18:ab:a4,
72:fc:42:18:ab:a4,
72:fc:42:18:ab:a4,
72:fc:42:18:ab:a4,
72:fc:42:18:ab:a4,
72:fc:42:18:ab:a4,
72:fc:42:18:ab:a4,
72:fc:42:18:ab:a4,
72:fc:42:18:ab:a4,
72:fc:42:18:ab:a4,
72:fc:42:18:ab:a4,
72:fc:42:18:ab:a4,
72:fc:42:18:ab:a4,
72:fc:42:18:ab:a4,
72:fc:42:18:ab:a4,
72:fc:42:18:ab:a4,
72:fc:42:18:ab:a4,
72:fc:42:18:ab:a4,
72:fc:42:18:ab:a4,
72:fc:42:18:ab:a4,
72:fc:42:18:ab:a4,
72:fc:42:18:ab:a4,
72:fc:42:18:ab:a4,
72:fc:42:18:ab:a4,
72:fc:42:18:ab:a4,
72:fc:42:18:ab:a4,
72:fc:42:18:ab:a4,
72:fc:42:18:ab:a4,
72:fc:42:18:ab:a4,
72:fc:42:18:ab:a4,
72:fc:42:18:ab:a4,
72:fc:42:18:ab:a4,
72:fc:42:18:ab:a4,
72:fc:42:18:ab:a4,
72:fc:42:18:ab:a4,
72:fc:42:18:ab:a4,
72:fc:42:18:ab:a4,
72:fc:42:18:ab:a4,
72:fc:42:18:ab:a4,
72:fc:42:18:ab:a4,
72:fc:42:18:ab:a4,
72:fc:42:18:ab:a4,
72:fc:42:18:ab:a4,
72:fc:42:18:ab:a4,
72:fc:42:18:ab:a4,
72:fc:42:18:ab:a4,
72:fc:42:18:ab:a4,
72:fc:42:18:ab:a4,
72:fc:42:18:ab:a4,
72:fc:42:18:ab:a4,
72:fc:42:18:ab:a4,
72:fc:42:18:ab:a4,
72:fc:42:18:ab:a4,
72:fc:42:18:ab:a4,
72:fc:42:18:ab:a4,
72:fc:42:18:ab:a4,
72:fc:42:18:ab:a4,
72:fc:42:18:ab:a4,
72:fc:42:18:ab:a4,
72:fc:42:18:ab:a4,
72:fc:42:18:ab:a4,
72:fc:42:18:ab:a4,
72:fc:42:18:ab:a4,
72:fc:42:18:ab:a4,
72:fc:42:18:ab:a4,
72:fc:42:18:ab:a4,
72:fc:42:18:ab:a4,
72:fc:42:18:ab:a4,
72:fc:42:18:ab:a4,
72:fc:42:18:ab:a4,
72:fc:42:18:ab:a4,
72:fc:42:18:ab:a4,
72:fc:42:18:ab:a4,
72:fc:42:18:ab:a4,
72:fc:42:18:ab:a4,
72:fc:42:18:ab:a4,
72:fc:42:18:ab:a4,
72:fc:42:18:ab:a4,
72:fc:42:18:ab:a4,
72:fc:42:18:ab:a4,
72:fc:42:18:ab:a4,
72:fc:42:18:ab:a4,
72:fc:42:18:ab:a4,
72:fc:42:18:ab:a4,
72:fc:42:18:ab:a4,
72:fc:42:18:ab:a4,
72:fc:42:18:ab:a4,
72:fc:42:18:ab:a4,
72:fc:42:18:ab:a4,
72:fc:42:18:ab:a4,
72:fc:42:18:ab:a4,
72:fc:42:18:ab:a4,
72:fc:42:18:ab:a4,
72:fc:42:18:ab:a4,
72:fc:42:18:ab:a4,
72:fc:42:18:ab:a4,
72:fc:42:18:ab:a4,
72:fc:42:18:ab:a4,
72:fc:42:18:ab:a4,
72:fc:42:18:ab:a4,
72:fc:42:18:ab:a4,
72:fc:42:18:ab:a4,
72:fc:42:18:ab:a4,
72:fc:42:18:ab:a4,
72:fc:42:18:ab:a4,
72:fc:42:18:ab:a4,
72:fc:42:18:ab:a4,
72:fc:42:18:ab:a4,
72:fc:42:18:ab:a4,
72:fc:42:18:ab:a4,
72:fc:42:18:ab:a4,
72:fc:42:18:ab:a4,
72:fc:42:18:ab:a4,
72:fc:42:18:ab:a4,
72:fc:42:18:ab:a4,
72:fc:42:18:ab:a4,
72:fc:42:18:ab:a4,
72:fc:42:18:ab:a4,
72:fc:42:18:ab:a4,
72:fc:42:18:ab:a4,
72:fc:42:18:ab:a4,
72:fc:42:18:ab:a4,
72:fc:42:18:ab:a4,
72:fc:42:18:ab:a4,
72:fc:42:18:ab:a4,
72:fc:42:18:ab:a4,
72:fc:42:18:ab:a4,
72:fc:42:18:ab:a4,
72:fc:42:18:ab:a4,
72:fc:42:18:ab:a4,
72:fc:42:18:ab:a4,
72:fc:42:18:ab:a4,
72:fc:42:18:ab:a4,
72:fc:42:18:ab:a4,
72:fc:42:18:ab:a4,
72:fc:42:18:ab:a4,
72:fc:42:18:ab:a4,
72:fc:42:18:ab:a4,
72:fc:42:18:ab:a4,
72:fc:42:18:ab:a4,
72:fc:42:18:ab:a4,
72:fc:42:18:ab:a4,
72:fc:42:18:ab:a4,
72:fc:42:18:ab:a4,
72:fc:42:18:ab:a4,
72:fc:42:18:ab:a4,
72:fc:42:18:ab:a4,
72:fc:42:18:ab:a4,
72:fc:42:18:ab:a4,
72:fc:42:18:ab:a4,
72:fc:42:18:ab:a4,
72:fc:42:18:ab:a4,
72:fc:42:18:ab:a4,
72:fc:42:18:ab:a4,
72:fc:42:18:ab:a4,
72:fc:42:18:ab:a4,
72:fc:42:18:ab:a4,
72:fc:42:18:ab:a4,
72:fc:42:18:ab:a4,
72:fc:42:18:ab:a4,
72:fc:42:18:ab:a4,
72:fc:42:18:ab:a4,
72:fc:42:18:ab:a4,
72:fc:42:18:ab:a4,
72:fc:42:18:ab:a4,
72:fc:42:18:ab:a4,
72:fc:42:18:ab:a4,
72:fc:42:18:ab:a4,
72:fc:42:18:ab:a4,
72:fc:42:18:ab:a4,
72:fc:42:18:ab:a4,
72:fc:42:18:ab:a4,
72:fc:42:18:ab:a4,
72:fc:42:18:ab:a4,
72:fc:42:18:ab:a4,
72:fc:42:18:ab:a4,
72:fc:42:18:ab:a4,
72:fc:42:18:ab:a4,
72:fc:42:18:ab:a4,
72:fc:42:18:ab:a4,
72:fc:42:18:ab:a4,
72:fc:42:18:ab:a4,
72:fc:42:18:ab:a4,
72:fc:42:18:ab:a4,
72:fc:42:18:ab:a4,
72:fc:42:18:ab:a4,
72:fc:42:18:ab:a4,
72:fc:42:18:ab:a4,
72:fc:42:18:ab:a4,
72:fc:42:18:ab:a4,
72:fc:42:18:ab:a4,
72:fc:42:18:ab:a4,
72:fc:42:18:ab:a4,
72:fc:42:18:ab:a4,
72:fc:42:18:ab:a4,
72:fc:42:18:ab:a4,
72:fc:42:18:ab:a4,
72:fc:42:18:ab:a4,
72:fc:42:18:ab:a4,
72:fc:42:18:ab:a4,
72:fc:42:18:ab:a4,
72:fc:42:18:ab:a4,
72:fc:42:18:ab:a4,
72:fc:42:18:ab:a4,
72:fc:42:18:ab:a4,
72:fc:42:18:ab:a4,
72:fc:42:18:ab:a4,
72:fc:42:18:ab:a4,
72:fc:42:18:ab:a4,
72:fc:42:18:ab:a4,
72:fc:42:18:ab:a4,
72:fc:42:18:ab:a4,
72:fc:42:18:ab:a4,
72:fc:42:18:ab:a4,
72:fc:42:18:ab:a4,
72:fc:42:18:ab:a4,
72:fc:42:18:ab:a4,
72:fc:42:18:ab:a4,
72:fc:42:18:ab:a4,
72:fc:42:18:ab:a4,
72:fc:42:18:ab:a4,
72:fc:42:18:ab:a4,
72:fc:42:18:ab:a4,
72:fc:42:18:ab:a4,
72:fc:42:18:ab:a4,
72:fc:42:18:ab:a4,
72:fc:42:18:ab:a4,
72:fc:42:18:ab:a4,
72:fc:42:18:ab:a4,
72:fc:42:18:ab:a4,
72:fc:42:18:ab:a4,
72:fc:42:18:ab:a4,
72:fc:42:18:ab:a4,
72:fc:42:18:ab:a4,
72:fc:42:18:ab:a4,
72:fc:42:18:ab:a4,
72:fc:42:18:ab:a4,
72:fc:42:18:ab:a4,
72:fc:42:18:ab:a4,
72:fc:42:18:ab:a4,
72:fc:42:18:ab:a4,
72:fc:42:18:ab:a4,
72:fc:42:18:ab:a4,
72:fc:42:18:ab:a4,
72:fc:42:18:ab:a4,
72:fc:42:18:ab:a4,
72:fc:42:18:ab:a4,
72:fc:42:18:ab:a4,
72:fc:42:18:ab:a4,
72:fc:42:18:ab:a4,
72:fc:42:18:ab:a4,
72:fc:42:18:ab:a4,
72:fc:42:18:ab:a4,
72:fc:42:18:ab:a4,
72:fc:42:18:ab:a4,
72:fc:42:18:ab:a4,
72:fc:42:18:ab:a4,
72:fc:42:18:ab:a4,
72:fc:42:18:ab:a4,
72:fc:42:18:ab:a4,
72:fc:42:18:ab:a4,
72:fc:42:18:ab:a4,
72:fc:42:18:ab:a4,
72:fc:42:18:ab:a4,
72:fc:42:18:ab:a4,
72:fc:42:18:ab:a4,
72:fc:42:18:ab:a4,
72:fc:42:18:ab:a4,
72:fc:42:18:ab:a4,
72:fc:42:18:ab:a4,
72:fc:42:18:ab:a4,
72:fc:42:18:ab:a4,
72:fc:42:18:ab:a4,
72:fc:42:18:ab:a4,
72:fc:42:18:ab:a4,
72:fc:42:18:ab:a4,
72:fc:42:18:ab:a4,
72:fc:42:18:ab:a4,
72:fc:42:18:ab:a4,
72:fc:42:18:ab:a4,
72:fc:42:18:ab:a4,
72:fc:42:18:ab:a4,
72:fc:42:18:ab:a4,
72:fc:42:18:ab:a4,
72:fc:42:18:ab:a4,
72:fc:42:18:ab:a4,
72:fc:42:18:ab:a4,
72:fc:42:18:ab:a4,
72:fc:42:18:ab:a4,
72:fc:42:18:ab:a4,
72:fc:42:18:ab:a4,
72:fc:42:18:ab:a4,
72:fc:42:18:ab:a4,
72:fc:42:18:ab:a4,
72:fc:42:18:ab:a4,
72:fc:42:18:ab:a4,
72:fc:42:18:ab:a4,
72:fc:42:18:ab:a4,
72:fc:42:18:ab:a4,
72:fc:42:18:ab:a4,
72:fc:42:18:ab:a4,
72:fc:42:18:ab:a4,
72:fc:42:18:ab:a4,
72:fc:42:18:ab:a4,
72:fc:42:18:ab:a4,
72:fc:42:18:ab:a4,
72:fc:42:18:ab:a4,
72:fc:42:18:ab:a4,
72:fc:42:18:ab:a4,
72:fc:42:18:ab:a4,
72:fc:42:18:ab:a4,
72:fc:42:18:ab:a4,
72:fc:42:18:ab:a4,
72:fc:42:18:ab:a4,
72:fc:42:18:ab:a4,
72:fc:42:18:ab:a4,
72:fc:42:18:ab:a4,
72:fc:42:18:ab:a4,
72:fc:42:18:ab:a4,
72:fc:42:18:ab:a4,
72:fc:42:18:ab:a4,
72:fc:42:18:ab:a4,
72:fc:42:18:ab:a4,
72:fc:42:18:ab:a4,
72:fc:42:18:ab:a4,
72:fc:42:18:ab:a4,
72:fc:42:18:ab:a4,
72:fc:42:18:ab:a4,
72:fc:42:18:ab:a4,
72:fc:42:18:ab:a4,
72:fc:42:18:ab:a4,
72:fc:42:18:ab:a4,
72:fc:42:18:ab:a4,
72:fc:42:18:ab:a4,
72:fc:42:18:ab:a4,
72:fc:42:18:ab:a4,
72:fc:42:18:ab:a4,
72:fc:42:18:ab:a4,
72:fc:42:18:ab:a4,
72:fc:42:18:ab:a4,
72:fc:42:18:ab:a4,
72:fc:42:18:ab:a4,
72:fc:42:18:ab:a4,
72:fc:42:18:ab:a4,
72:fc:42:18:ab:a4,
72:fc:42:18:ab:a4,
72:fc:42:18:ab:a4,
72:fc:42:18:ab:a4,
72:fc:42:18:ab:a4,
72:fc:42:18:ab:a4,
72:fc:42:18:ab:a4,
72:fc:42:18:ab:a4,
72:fc:42:18:ab:a4,
72:fc:42:18:ab:a4,
72:fc:42:18:ab:a4,
72:fc:42:18:ab:a4,
72:fc:42:18:ab:a4,
72:fc:42:18:ab:a4,
72:fc:42:18:ab:a4,
72:fc:42:18:ab:a4,
72:fc:42:18:ab:a4,
72:fc:42:18:ab:a4,
72:fc:42:18:ab:a4,
72:fc:42:18:ab:a4,
72:fc:42:18:ab:a4,
72:fc:42:18:ab:a4,
72:fc:42:18:ab:a4,
72:fc:42:18:ab:a4,
72:fc:42:18:ab:a4,
72:fc:42:18:ab:a4,
72:fc:42:18:ab:a4,
72:fc:42:18:ab:a4,
72:fc:42:18:ab:a4,
72:fc:42:18:ab:a4,
72:fc:42:18:ab:a4,
72:fc:42:18:ab:a4,
72:fc:42:18:ab:a4,
72:fc:42:18:ab:a4,
72:fc:42:18:ab:a4,
72:fc:42:18:ab:a4,
72:fc:42:18:ab:a4,
72:fc:42:18:ab:a4,
72:fc:42:18:ab:a4,
72:fc:42:18:ab:a4,
72:fc:42:18:ab:a4,
72:fc:42:18:ab:a4,
72:fc:42:18:ab:a4,
72:fc:42:18:ab:a4,
72:fc:42:18:ab:a4,
72:fc:42:18:ab:a4,
72:fc:42:18:ab:a4,
72:fc:42:18:ab:a4,
72:fc:42:18:ab:a4,
72:fc:42:18:ab:a4,
72:fc:42:18:ab:a4,
72:fc:42:18:ab:a4,
72:fc:42:18:ab:a4,
72:fc:42:18:ab:a4,
72:fc:42:18:ab:a4,
72:fc:42:18:ab:a4,
72:fc:42:18:ab:a4,
72:fc:42:18:ab:a4,
72:fc:42:18:ab:a4,
72:fc:42:18:ab:a4,
72:fc:42:18:ab:a4,
72:fc:42:18:ab:a4,
72:fc:42:18:ab:a4,
72:fc:42:18:ab:a4,
72:fc:42:18:ab:a4,
72:fc:42:18:ab:a4,
72:fc:42:18:ab:a4,
72:fc:42:18:ab:a4,
72:fc:42:18:ab:a4,
72:fc:42:18:ab:a4,
72:fc:42:18:ab:a4,
72:fc:42:18:ab:a4,
72:fc:42:18:ab:a4,
72:fc:42:18:ab:a4,
72:fc:42:18:ab:a4,
72:fc:42:18:ab:a4,
72:fc:42:18:ab:a4,
72:fc:42:18:ab:a4,
72:fc:42:18:ab:a4,
72:fc:42:18:ab:a4,
72:fc:42:18:ab:a4,
72:fc:42:18:ab:a4,
72:fc:42:18:ab:a4,
72:fc:42:18:ab:a4,
72:fc:42:18:ab:a4,
72:fc:42:18:ab:a4,
72:fc:42:18:ab:a4,
72:fc:42:18:ab:a4,
72:fc:42:18:ab:a4,
72:fc:42:18:ab:a4,
72:fc:42:18:ab:a4,
72:fc:42:18:ab:a4,
72:fc:42:18:ab:a4,
72:fc:42:18:ab:a4,
72:fc:42:18:ab:a4,
72:fc:42:18:ab:a4,
72:fc:42:18:ab:a4,
72:fc:42:18:ab:a4,
72:fc:42:18:ab:a4,
72:fc:42:18:ab:a4,
72:fc:42:18:ab:a4,
72:fc:42:18:ab:a4,
72:fc:42:18:ab:a4,
72:fc:42:18:ab:a4,
72:fc:42:18:ab:a4,
72:fc:42:18:ab:a4,
72:fc:42:18:ab:a4,
72:fc:42:18:ab:a4,
72:fc:42:18:ab:a4,
72:fc:42:18:ab:a4,
72:fc:42:18:ab:a4,
72:fc:42:18:ab:a4,
72:fc:42:18:ab:a4,
72:fc:42:18:ab:a4,
72:fc:42:18:ab:a4,
72:fc:42:18:ab:a4,
72:fc:42:18:ab:a4,
72:fc:42:18:ab:a4,
72:fc:42:18:ab:a4,
72:fc:42:18:ab:a4,
72:fc:42:18:ab:a4,
72:fc:42:18:ab:a4,
72:fc:42:18:ab:a4,
72:fc:42:18:ab:a4,
72:fc:42:18:ab:a4,
72:fc:42:18:ab:a4,
72:fc:42:18:ab:a4,
72:fc:42:18:ab:a4,
72:fc:42:18:ab:a4,
72:fc:42:18:ab:a4,
72:fc:42:18:ab:a4,
72:fc:42:18:ab:a4,
72:fc:42:18:ab:a4,
72:fc:42:18:ab:a4,
72:fc:42:18:ab:a4,
72:fc:42:18:ab:a4,
72:fc:42:18:ab:a4,
72:fc:42:18:ab:a4,
72:fc:42:18:ab:a4,
72:fc:42:18:ab:a4,
72:fc:42:18:ab:a4,
72:fc:42:18:ab:a4,
72:fc:42:18:ab:a4,
72:fc:42:18:ab:a4,
72:fc:42:18:ab:a4,
72:fc:42:18:ab:a4,
72:fc:42:18:ab:a4,
72:fc:42:18:ab:a4,
72:fc:42:18:ab:a4,
72:fc:42:18:ab:a4,
72:fc:42:18:ab:a4,
72:fc:42:18:ab:a4,
72:fc:42:18:ab:a4,
72:fc:42:18:ab:a4,
72:fc:42:18:ab:a4,
72:fc:42:18:ab:a4,
72:fc:42:18:ab:a4,
72:fc:42:18:ab:a4,
72:fc:42:18:ab:a4,
72:fc:42:18:ab:a4,
72:fc:42:18:ab:a4,
72:fc:42:18:ab:a4,
72:fc:42:18:ab:a4,
72:fc:42:18:ab:a4,
72:fc:42:18:ab:a4,
72:fc:42:18:ab:a4,
72:fc:42:18:ab:a4,
72:fc:42:18:ab:a4,
72:fc:42:18:ab:a4,
72:fc:42:18:ab:a4,
72:fc:42:18:ab:a4,
72:fc:42:18:ab:a4,
72:fc:42:18:ab:a4,
72:fc:42:18:ab:a4,
72:fc:42:18:ab:a4,
72:fc:42:18:ab:a4,
72:fc:42:18:ab:a4,
72:fc:42:18:ab:a4,
72:fc:42:18:ab:a4,
72:fc:42:18:ab:a4,
72:fc:42:18:ab:a4,
72:fc:42:18:ab:a4,
72:fc:42:18:ab:a4,
72:fc:42:18:ab:a4,
72:fc:42:18:ab:a4,
72:fc:42:18:ab:a4,
72:fc:42:18:ab:a4,
72:fc:42:18:ab:a4,
72:fc:42:18:ab:a4,
72:fc:42:18:ab:a4,
72:fc:42:18:ab:a4,
72:fc:42:18:ab:a4,
72:fc:42:18:ab:a4,
72:fc:42:18:ab:a4,
72:fc:42:18:ab:a4,
72:fc:42:18:ab:a4,
72:fc:42:18:ab:a4,
72:fc:42:18:ab:a4,
72:fc:42:18:ab:a4,
72:fc:42:18:ab:a4,
72:fc:42:18:ab:a4,
72:fc:42:18:ab:a4,
72:fc:42:18:ab:a4,
72:fc:42:18:ab:a4,
72:fc:42:18:ab:a4,
72:fc:42:18:ab:a4,
72:fc:42:18:ab:a4,
72:fc:42:18:ab:a4,
72:fc:42:18:ab:a4,
72:fc:42:18:ab:a4,
72:fc:42:18:ab:a4,
72:fc:42:18:ab:a4,
72:fc:42:18:ab:a4,
72:fc:42:18:ab:a4,
72:fc:42:18:ab:a4,
72:fc:42:18:ab:a4,
72:fc:42:18:ab:a4,
72:fc:42:18:ab:a4,
72:fc:42:18:ab:a4,
72:fc:42:18:ab:a4,
72:fc:42:18:ab:a4,
72:fc:42:18:ab:a4,
72:fc:42:18:ab:a4,
72:fc:42:18:ab:a4,
72:fc:42:18:ab:a4,
72:fc:42:18:ab:a4,
72:fc:42:18:ab:a4,
72:fc:42:18:ab:a4,
72:fc:42:18:ab:a4,
72:fc:42:18:ab:a4,
72:fc:42:18:ab:a4,
72:fc:42:18:ab:a4,
72:fc:42:18:ab:a4,
72:fc:42:18:ab:a4,
72:fc:42:18:ab:a4,
72:fc:42:18:ab:a4,
72:fc:42:18:ab:a4,
72:fc:42:18:ab:a4,
72:fc:42:18:ab:a4,
72:fc:42:18:ab:a4,
72:fc:42:18:ab:a4,
72:fc:42:18:ab:a4,
72:fc:42:18:ab:a4,
72:fc:42:18:ab:a4,
72:fc:42:18:ab:a4,
72:fc:42:18:ab:a4,
72:fc:42:18:ab:a4,
72:fc:42:18:ab:a4,
72:fc:42:18:ab:a4,
72:fc:42:18:ab:a4,
72:fc:42:18:ab:a4,
72:fc:42:18:ab:a4,
72:fc:42:18:ab:a4,
72:fc:42:18:ab:a4,
72:fc:42:18:ab:a4,
72:fc:42:18:ab:a4,
72:fc:42:18:ab:a4,
72:fc:42:18:ab:a4,
72:fc:42:18:ab:a4,
72:fc:42:18:ab:a4,
72:fc:42:18:ab:a4,
72:fc:42:18:ab:a4,
72:fc:42:18:ab:a4,
72:fc:42:18:ab:a4,
72:fc:42:18:ab:a4,
72:fc:42:18:ab:a4,
72:fc:42:18:ab:a4,
72:fc:42:18:ab:a4,
72:fc:42:18:ab:a4,
72:fc:42:18:ab:a4,
72:fc:42:18:ab:a4,
72:fc:42:18:ab:a4,
72:fc:42:18:ab:a4,
72:fc:42:18:ab:a4,
72:fc:42:18:ab:a4,
72:fc:42:18:ab:a4,
72:fc:42:18:ab:a4,
72:fc:42:18:ab:a4,
72:fc:42:18:ab:a4,
72:fc:42:18:ab:a4,
72:fc:42:18:ab:a4,
72:fc:42:18:ab:a4,
72:fc:42:18:ab:a4,
72:fc:42:18:ab:a4,
72:fc:42:18:ab:a4,
72:fc:42:18:ab:a4,
72:fc:42:18:ab:a4,
72:fc:42:18:ab:a4,
72:fc:42:18:ab:a4,
72:fc:42:18:ab:a4,
72:fc:42:18:ab:a4,
72:fc:42:18:ab:a4,
72:fc:42:18:ab:a4,
72:fc:42:18:ab:a4,
72:fc:42:18:ab:a4,
72:fc:42:18:ab:a4,
72:fc:42:18:ab:a4,
72:fc:42:18:ab:a4,
72:fc:42:18:ab:a4,
72:fc:42:18:ab:a4,
72:fc:42:18:ab:a4,
72:fc:42:18:ab:a4,
72:fc:42:18:ab:a4,
72:fc:42:18:ab:a4,
72:fc:42:18:ab:a4,
72:fc:42:18:ab:a4,
72:fc:42:18:ab:a4,
72:fc:42:18:ab:a4,
72:fc:42:18:ab:a4,
72:fc:42:18:ab:a4,
72:fc:42:18:ab:a4,
72:fc:42:18:ab:a4,
72:fc:42:18:ab:a4,
72:fc:42:18:ab:a4,
72:fc:42:18:ab:a4,
72:fc:42:18:ab:a4,
72:fc:42:18:ab:a4,
72:fc:42:18:ab:a4,
72:fc:42:18:ab:a4,
72:fc:42:18:ab:a4,
72:fc:42:18:ab:a4,
72:fc:42:18:ab:a4,
72:fc:42:18:ab:a4,
72:fc:42:18:ab:a4,
72:fc:42:18:ab:a4,
72:fc:42:18:ab:a4,
72:fc:42:18:ab:a4,
72:fc:42:18:ab:a4,
72:fc:42:18:ab:a4,
72:fc:42:18:ab:a4,
72:fc:42:18:ab:a4,
72:fc:42:18:ab:a4,
72:fc:42:18:ab:a4,
72:fc:42:18:ab:a4,
72:fc:42:18:ab:a4,
72:fc:42:18:ab:a4,
72:fc:42:18:ab:a4,
72:fc:42:18:ab:a4,
72:fc:42:18:ab:a4,
72:fc:42:18:ab:a4,
72:fc:42:18:ab:a4,
72:fc:42:18:ab:a4,
72:fc:42:18:ab:a4,
72:fc:42:18:ab:a4,
72:fc:42:18:ab:a4,
72:fc:42:18:ab:a4,
72:fc:42:18:ab:a4,
72:fc:42:18:ab:a4,
72:fc:42:18:ab:a4,
72:fc:42:18:ab:a4,
72:fc:42:18:ab:a4,
72:fc:42:18:ab:a4,
72:fc:42:18:ab:a4,
72:fc:42:18:ab:a4,
72:fc:42:18:ab:a4,
72:fc:42:18:ab:a4,
72:fc:42:18:ab:a4,
72:fc:42:18:ab:a4,
72:fc:42:18:ab:a4,
72:fc:42:18:ab:a4,
72:fc:42:18:ab:a4,
72:fc:42:18:ab:a4,
72:fc:42:18:ab:a4,
72:fc:42:18:ab:a4,
72:fc:42:18:ab:a4,
72:fc:42:18:ab:a4,
72:fc:42:18:ab:a4,
72:fc:42:18:ab:a4,
72:fc:42:18:ab:a4,
72:fc:42:18:ab:a4,
72:fc:42:18:ab:a4,
72:fc:42:18:ab:a4,
72:fc:42:18:ab:a4,
72:fc:42:18:ab:a4,
72:fc:42:18:ab:a4,
72:fc:42:18:ab:a4,
72:fc:42:18:ab:a4,
72:fc:42:18:ab:a4,
72:fc:42:18:ab:a4,
72:fc:42:18:ab:a4,
72:fc:42:18:ab:a4,
72:fc:42:18:ab:a4,
72:fc:42:18:ab:a4,
72:fc:42:18:ab:a4,
72:fc:42:18:ab:a4,
72:fc:42:18:ab:a4,
72:fc:42:18:ab:a4,
72:fc:42:18:ab:a4,
72:fc:42:18:ab:a4,
72:fc:42:18:ab:a4,
72:fc:42:18:ab:a4,
72:fc:42:18:ab:a4,
72:fc:42:18:ab:a4,
72:fc:42:18:ab:a4,
72:fc:42:18:ab:a4,
72:fc:42:18:ab:a4,
72:fc:42:18:ab:a4,
72:fc:42:18:ab:a4,
72:fc:42:18:ab:a4,
72:fc:42:18:ab:a4,
72:fc:42:18:ab:a4,
72:fc:42:18:ab:a4,
72:fc:42:18:ab:a4,
72:fc:42:18:ab:a4,
72:fc:42:18:ab:a4,
72:fc:42:18:ab:a4,
72:fc:42:18:ab:a4,
72:fc:42:18:ab:a4,
72:fc:42:18:ab:a4,
72:fc:42:18:ab:a4,
72:fc:42:18:ab:a4,
72:fc:42:18:ab:a4,
72:fc:42:18:ab:a4,
72:fc:42:18:ab:a4,
72:fc:42:18:ab:a4,
72:fc:42:18:ab:a4,
72:fc:42:18:ab:a4,
72:fc:42:18:ab:a4,
72:fc:42:18:ab:a4,
72:fc:42:18:ab:a4,
72:fc:42:18:ab:a4,
72:fc:42:18:ab:a4,
72:fc:42:18:ab:a4,
72:fc:42:18:ab:a4,
72:fc:42:18:ab:a4,
72:fc:42:18:ab:a4,
72:fc:42:18:ab:a4,
72:fc:42:18:ab:a4,
72:fc:42:18:ab:a4,
72:fc:42:18:ab:a4,
72:fc:42:18:ab:a4,
72:fc:42:18:ab:a4,
72:fc:42:18:ab:a4,
72:fc:42:18:ab:a4,
72:fc:42:18:ab:a4,
72:fc:42:18:ab:a4,
72:fc:42:18:ab:a4,
72:fc:42:18:ab:a4,
72:fc:42:18:ab:a4,
72:fc:42:18:ab:a4,
72:fc:42:18:ab:a4,
72:fc:42:18:ab:a4,
72:fc:42:18:ab:a4,
72:fc:42:18:ab:a4,
72:fc:42:18:ab:a4,
72:fc:42:18:ab:a4,
72:fc:42:18:ab:a4,
72:fc:42:18:ab:a4,
72:fc:42:18:ab:a4,
72:fc:42:18:ab:a4,
72:fc:42:18:ab:a4,
72:fc:42:18:ab:a4,
72:fc:42:18:ab:a4,
72:fc:42:18:ab:a4,
72:fc:42:18:ab:a4,
72:fc:42:18:ab:a4,
72:fc:42:18:ab:a4,
72:fc:42:18:ab:a4,
72:fc:42:18:ab:a4,
72:fc:42:18:ab:a4,
72:fc:42:18:ab:a4,
72:fc:42:18:ab:a4,
72:fc:42:18:ab:a4,
72:fc:42:18:ab:a4,
72:fc:42:18:ab:a4,
72:fc:42:18:ab:a4,
72:fc:42:18:ab:a4,
72:fc:42:18:ab:a4,
72:fc:42:18:ab:a4,
72:fc:42:18:ab:a4,
72:fc:42:18:ab:a4,
72:fc:42:18:ab:a4,
72:fc:42:18:ab:a4,
72:fc:42:18:ab:a4,
72:fc:42:18:ab:a4,
72:fc:42:18:ab:a4,
72:fc:42:18:ab:a4,
72:fc:42:18:ab:a4,
72:fc:42:18:ab:a4,
72:fc:42:18:ab:a4,
72:fc:42:18:ab:a4,
72:fc:42:18:ab:a4,
72:fc:42:18:ab:a4,
72:fc:42:18:ab:a4,
72:fc:42:18:ab:a4,
72:fc:42:18:ab:a4,
72:fc:42:18:ab:a4,
72:fc:42:18:ab:a4,
72:fc:42:18:ab:a4,
72:fc:42:18:ab:a4,
72:fc:42:18:ab:a4,
72:fc:42:18:ab:a4,
72:fc:42:18:ab:a4,
72:fc:42:18:ab:a4,
72:fc:42:18:ab:a4,
72:fc:42:18:ab:a4,
72:fc:42:18:ab:a4,
72:fc:42:18:ab:a4,
72:fc:42:18:ab:a4,
72:fc:42:18:ab:a4,
72:fc:42:18:ab:a4,
72:fc:42:18:ab:a4,
72:fc:42:18:ab:a4,
72:fc:42:18:ab:a4,
72:fc:42:18:ab:a4,
72:fc:42:18:ab:a4,
72:fc:42:18:ab:a4,
72:fc:42:18:ab:a4,
72:fc:42:18:ab:a4,
72:fc:42:18:ab:a4,
72:fc:42:18:ab:a4,
72:fc:42:18:ab:a4,
72:fc:42:18:ab:a4,
72:fc:42:18:ab:a4,
72:fc:42:18:ab:a4,
72:fc:42:18:ab:a4,
72:fc:42:18:ab:a4,
72:fc:42:18:ab:a4,
72:fc:42:18:ab:a4,
72:fc:42:18:ab:a4,
72:fc:42:18:ab:a4,
72:fc:42:18:ab:a4,
72:fc:42:18:ab:a4,
72:fc:42:18:ab:a4,
72:fc:42:18:ab:a4,
72:fc:42:18:ab:a4,
72:fc:42:18:ab:a4,
72:fc:42:18:ab:a4,
72:fc:42:18:ab:a4,
72:fc:42:18:ab:a4,
72:fc:42:18:ab:a4,
72:fc:42:18:ab:a4,
72:fc:42:18:ab:a4,
72:fc:42:18:ab:a4,
72:fc:42:18:ab:a4,
72:fc:42:18:ab:a4,
72:fc:42:18:ab:a4,
72:fc:42:18:ab:a4,
72:fc:42:18:ab:a4,
72:fc:42:18:ab:a4,
72:fc:42:18:ab:a4,
72:fc:42:18:ab:a4,
72:fc:42:18:ab:a4,
72:fc:42:18:ab:a4,
72:fc:42:18:ab:a4,
72:fc:42:18:ab:a4,
72:fc:42:18:ab:a4,
72:fc:42:18:ab:a4,
72:fc:42:18:ab:a4,
72:fc:42:18:ab:a4,
72:fc:42:18:ab:a4,
72:fc:42:18:ab:a4,
72:fc:42:18:ab:a4,
72:fc:42:18:ab:a4,
72:fc:42:18:ab:a4,
72:fc:42:18:ab:a4,
72:fc:42:18:ab:a4,
72:fc:42:18:ab:a4,
72:fc:42:18:ab:a4,
72:fc:42:18:ab:a4,
72:fc:42:18:ab:a4,
72:fc:42:18:ab:a4,
72:fc:42:18:ab:a4,
72:fc:42:18:ab:a4,
72:fc:42:18:ab:a4,
72:fc:42:18:ab:a4,
72:fc:42:18:ab:a4,
72:fc:42:18:ab:a4,
72:fc:42:18:ab:a4,
72:fc:42:18:ab:a4,
72:fc:42:18:ab:a4,
72:fc:42:18:ab:a4,
72:fc:42:18:ab:a4,
72:fc:42:18:ab:a4,
72:fc:42:18:ab:a4,
72:fc:42:18:ab:a4,
72:fc:42:18:ab:a4,
72:fc:42:18:ab:a4,
72:fc:42:18:ab:a4,
72:fc:42:18:ab:a4,
72:fc:42:18:ab:a4,
72:fc:42:18:ab:a4,
72:fc:42:18:ab:a4,
72:fc:42:18:ab:a4,
72:fc:42:18:ab:a4,
72:fc:42:18:ab:a4,
72:fc:42:18:ab:a4,
72:fc:42:18:ab:a4,
72:fc:42:18:ab:a4,
72:fc:42:18:ab:a4,
72:fc:42:18:ab:a4,
72:fc:42:18:ab:a4,
72:fc:42:18:ab:a4,
72:fc:42:18:ab:a4,
72:fc:42:18:ab:a4,
72:fc:42:18:ab:a4,
72:fc:42:18:ab:a4,
72:fc:42:18:ab:a4,
72:fc:42:18:ab:a4,
72:fc:42:18:ab:a4,
72:fc:42:18:ab:a4,
72:fc:42:18:ab:a4,
72:fc:42:18:ab:a4,
72:fc:42:18:ab:a4,
72:fc:42:18:ab:a4,
72:fc:42:18:ab:a4,
72:fc:42:18:ab:a4,
72:fc:42:18:ab:a4,
72:fc:42:18:ab:a4,
72:fc:42:18:ab:a4,
72:fc:42:18:ab:a4,
72:fc:42:18:ab:a4,
72:fc:42:18:ab:a4,
72:fc:42:18:ab:a4,
72:fc:42:18:ab:a4,
72:fc:42:18:ab:a4,
72:fc:42:18:ab:a4,
72:fc:42:18:ab:a4,
72:fc:42:18:ab:a4,
72:fc:42:18:ab:a4,
72:fc:42:18:ab:a4,
72:fc:42:18:ab:a4,
72:fc:42:18:ab:a4,
72:fc:42:18:ab:a4,
72:fc:42:18:ab:a4,
72:fc:42:18:ab:a4,
72:fc:42:18:ab:a4,
72:fc:42:18:ab:a4,
72:fc:42:18:ab:a4,
72:fc:42:18:ab:a4,
72:fc:42:18:ab:a4,
72:fc:42:18:ab:a4,
72:fc:42:18:ab:a4,
72:fc:42:18:ab:a4,
72:fc:42:18:ab:a4,
72:fc:42:18:ab:a4,
72:fc:42:18:ab:a4,
72:fc:42:18:ab:a4,
72:fc:42:18:ab:a4,
72:fc:42:18:ab:a4,
72:fc:42:18:ab:a4,
72:fc:42:18:ab:a4,
72:fc:42:18:ab:a4,
72:fc:42:18:ab:a4,
72:fc:42:18:ab:a4,
72:fc:42:18:ab:a4,
72:fc:42:18:ab:a4,
72:fc:42:18:ab:a4,
72:fc:42:18:ab:a4,
72:fc:42:18:ab:a4,
72:fc:42:18:ab:a4,
72:fc:42:18:ab:a4,
72:fc:42:18:ab:a4,
72:fc:42:18:ab:a4,
72:fc:42:18:ab:a4,
72:fc:42:18:ab:a4,
72:fc:42:18:ab:a4,
72:fc:42:18:ab:a4,
72:fc:42:18:ab:a4,
72:fc:42:18:ab:a4,
72:fc:42:18:ab:a4,
72:fc:42:18:ab:a4,
72:fc:42:18:ab:a4,
72:fc:42:18:ab:a4,
72:fc:42:18:ab:a4,
72:fc:42:18:ab:a4,
72:fc:42:18:ab:a4,
72:fc:42:18:ab:a4,
72:fc:42:18:ab:a4,
72:fc:42:18:ab:a4,
72:fc:42:18:ab:a4,
72:fc:42:18:ab:a4,
72:fc:42:18:ab:a4,
72:fc:42:18:ab:a4,
72:fc:42:18:ab:a4,
72:fc:42:18:ab:a4,
72:fc:42:18:ab:a4,
72:fc:42:18:ab:a4,
72:fc:42:18:ab:a4,
72:fc:42:18:ab:a4,
72:fc:42:18:ab:a4,
72:fc:42:18:ab:a4,
72:fc:42:18:ab:a4,
72:fc:42:18:ab:a4,
72:fc:42:18:ab:a4,
72:fc:42:18:ab:a4,
72:fc:42:18:ab:a4,
72:fc:42:18:ab:a4,
72:fc:42:18:ab:a4,
72:fc:42:18:ab:a4,
72:fc:42:18:ab:a4,
72:fc:42:18:ab:a4,
72:fc:42:18:ab:a4,
72:fc:42:18:ab:a4,
72:fc:42:18:ab:a4,
72:fc:42:18:ab:a4,
72:fc:42:18:ab:a4,
72:fc:42:18:ab:a4,
72:fc:42:18:ab:a4,
72:fc:42:18:ab:a4,
72:fc:42:18:ab:a4,
72:fc:42:18:ab:a4,
72:fc:42:18:ab:a4,
72:fc:42:18:ab:a4,
72:fc:42:18:ab:a4,
72:fc:42:18:ab:a4,
72:fc:42:18:ab:a4,
72:fc:42:18:ab:a4,
72:fc:42:18:ab:a4,
72:fc:42:18:ab:a4,
72:fc:42:18:ab:a4,
72:fc:42:18:ab:a4,
72:fc:42:18:ab:a4,
72:fc:42:18:ab:a4,
72:fc:42:18:ab:a4,
72:fc:42:18:ab:a4,
72:fc:42:18:ab:a4,
72:fc:42:18:ab:a4,
72:fc:42:18:ab:a4,
72:fc:42:18:ab:a4,
72:fc:42:18:ab:a4,
72:fc:42:18:ab:a4,
72:fc:42:18:ab:a4,
72:fc:42:18:ab:a4,
72:fc:42:18:ab:a4,
72:fc:42:18:ab:a4,
72:fc:42:18:ab:a4,
72:fc:42:18:ab:a4,
72:fc:42:18:ab:a4,
72:fc:42:18:ab:a4,
72:fc:42:18:ab:a4,
72:fc:42:18:ab:a4,
72:fc:42:18:ab:a4,
72:fc:42:18:ab:a4,
72:fc:42:18:ab:a4,
72:fc:42:18:ab:a4,
72:fc:42:18:ab:a4,
72:fc:42:18:ab:a4,
72:fc:42:18:ab:a4,
72:fc:42:18:ab:a4,
72:fc:42:18:ab:a4,
72:fc:42:18:ab:a4,
72:fc:42:18:ab:a4,
72:fc:42:18:ab:a4,
72:fc:42:18:ab:a4,
72:fc:42:18:ab:a4,
72:fc:42:18:ab:a4,
72:fc:42:18:ab:a4,
72:fc:42:18:ab:a4,
72:fc:42:18:ab:a4,
72:fc:42:18:ab:a4,
72:fc:42:18:ab:a4,
72:fc:42:18:ab:a4,
72:fc:42:18:ab:a4,
72:fc:42:18:ab:a4,
72:fc:42:18:ab:a4,
72:fc:42:18:ab:a4,
72:fc:42:18:ab:a4,
72:fc:42:18:ab:a4,
72:fc:42:18:ab:a4,
72:fc:42:18:ab:a4,
72:fc:42:18:ab:a4,
72:fc:42:18:ab:a4,
72:fc:42:18:ab:a4,
72:fc:42:18:ab:a4,
72:fc:42:18:ab:a4,
72:fc:42:18:ab:a4,
72:fc:42:18:ab:a4,
72:fc:42:18:ab:a4,
72:fc:42:18:ab:a4,
72:fc:42:18:ab:a4,
72:fc:42:18:ab:a4,
72:fc:42:18:ab:a4,
72:fc:42:18:ab:a4,
72:fc:42:18:ab:a4,
72:fc:42:18:ab:a4,
72:fc:42:18:ab:a4,
72:fc:42:18:ab:a4,
72:fc:42:18:ab:a4,
72:fc:42:18:ab:a4,
72:fc:42:18:ab:a4,
